Workbook

Sheet Summary
A2: Summary of results
A3: 1.0. | B3: Per Capita per day generation (kg/person/day) | C3: 0.64588423 | G3: Solid waste composition | K3: Average
A4: 2.0. | B4: Average volume of solid waste (litres) | C4: 63.520299 | G4: Food Waste | H4: 0.7850834 | I4: 0.81921315 | J4: 0.75369348 | K4: =AVERAGE(H4:J4) -> 0.78599667
A5: 3.0. | B5: Average density (kg/L) | C5: 0.42146628 | G5: Garden and Yard wastes | H5: 0.076318112 | I5: 0.023813387 | J5: 0.089624782 | K5: 0.063252093
A6: 4.0. | B6: Solid waste composition | G6: Wood | H6: 0.00090033867 | I6: 0.00076930178 | J6: 0.00066770183 | K6: 0.00077911409
B7: Food Waste | C7: 0.78599667 | G7: Textiles | H7: 0.014308031 | I7: 0.017589969 | J7: 0.0033326667 | K7: 0.011743556
B8: Garden and Yard wastes | C8: 0.063252093 | G8: Paper and pulp | H8: 0.0046547311 | I8: 0.025981419 | J8: 0.017479599 | K8: 0.016038583
B9: Wood | C9: 0.00077911409 | G9: Polythene Bags | H9: 0.053833495 | I9: 0.031333895 | J9: 0.027388795 | K9: 0.037518728
B10: Textiles | C10: 0.011743556 | G10: Plastics and Rubber | H10: 0.029391188 | I10: 0.01805528 | J10: 0.036695223 | K10: 0.02804723
B11: Paper and pulp | C11: 0.016038583 | G11: Glass | H11: 5.7637575e-05 | I11: 0.0025666705 | J11: 0.00060927792 | K11: 0.001077862
B12: Polythene Bags | C12: 0.037518728 | G12: Metals | H12: 0.00093015121 | I12: 0.0020211656 | J12: 0.0068506207 | K12: 0.0032673125
B13: Plastics and Rubber | C13: 0.02804723 | G13: Others | H13: 0.03452292 | I13: 0.058655764 | J13: 0.063657858 | K13: 0.052278847
B14: Glass | C14: 0.001077862 | G14: Total | H14: =SUM(H4:H13) -> 1 | I14: =SUM(I4:I13) -> 1 | J14: =SUM(J4:J13) -> 1 | K14: 1
B15: Metals | C15: 0.0032673125
B16: Others | C16: 0.052278847 | G16: NB: Others included mostly Ash and Pampers
A17: Total | C17: 1
B21: Bwaise I (low-income) | C21: Bukoto I (middle income) | D21: Ggaba (high income) | G21: Density
G22: Area | H22: Bwaise I | I22: Bukoto I | J22: Ggaba
A23: Households Pariticipation | G23: Average volume (litres) | H23: 39.435897 | I23: 31.4375 | J23: 119.6875
A24: Total Number of Households | B24: 55 | C24: 44 | D24: 40 | G24: Average density (kg/L) | H24: 0.36811796 | I24: 0.57128683 | J24: 0.32499407
A25: Number of Households that complied | B25: 39 | C25: 32 | D25: 32
A26: Response rate | B26: =B25/B24 -> 0.70909091 | C26: =C25/C24 -> 0.72727273 | D26: =D25/D24 -> 0.8
A27: Solid waste Quantification
A28: Per Capita per day generation (kg/person/day) | B28: 0.42662958 | C28: 0.53161747 | D28: 0.97940563

Sheet Bwaise I
A1: Solid waste Characterisation in Selected Households in Bwaise I
B2: For Bwaise 1, the number of households that were required were 48. Bin bags were supplied to 55 households between 14th and 25th January, though only 39 households complied and the data collected using the survey questionaires for the 39 households is shown in the table below.
A3: No. | B3: Household ID | C3: Division | D3: Parish | E3: Zone | F3: Socio-economic factors (from proposal) | K3: Other household charactristics investigated | O3: Housing facilities | W3: Amount of olid waste collected over 7days (kg) | AG3: Total waste generated(kg) | AH3: Generation per day (kg/day) | AI3: Per Capita Generation(kg/day) | AJ3: Volume(L) | AK3: Density(kg/L)
F4: Income level | G4: Number of occupants | H4: Age of household head | I4: Gender of Household head | J4: Education level of Household head | K4: Profession of Household head | L4: Monthly income | M4: Respondent | N4: Period of Stay in the area | O4: Type of occupancy | P4: Quality of Housing | Q4: Roof material | R4: Wall material | S4: Floor Material | T4: Access to clean Water | U4: Sanitation Facilities | V4: Condition of access road | W4: Food Waste | X4: Garden and Yard wastes | Y4: Wood | Z4: Textiles | AA4: Paper and pulp | AB4: Polythene Bags | AC4: Plastics and Rubber | AD4: Glass | AE4: Metals | AF4: Others
A5: 1 | B5: Household_1 | C5: Kawenpe Division | D5: Bwaise I | E5: Lubagge | F5: low-income | G5: 3 | H5: 18-35 years | I5: Male | J5: Secondary | K5: Business | L5: <500,000 | M5: Spouse | N5: 1-3 years | O5: Rented | P5: Bungalow | Q5: Iron Sheets/titles | R5: Bricks | S5: Cemented | T5: Yard Tap | U5: Shared Facilities | V5: unpaved | W5: =7.32-0.33 -> 6.99 | X5: =(219-125)/1000 -> 0.094 | Y5: 0 | Z5: =(152-125)/1000 -> 0.027 | AA5: =(142-125)/1000 -> 0.017 | AB5: =(202-125)/1000 -> 0.077 | AC5: =(202-125)/1000 -> 0.077 | AD5: 0 | AE5: 0 | AF5: =(167-125)/1000 -> 0.042 | AG5: =SUM(W5:AF5) -> 7.324 | AH5: =(AG5/7) -> 1.0462857 | AI5: =AH5/G5 -> 0.3487619 | AJ5: 10 | AK5: =4.74/10 -> 0.474
A6: 2 | B6: Household_2 | C6: Kawenpe Division | D6: Bwaise I | E6: Lubagge | F6: low-income | G6: 7 | H6: 36-60 years | I6: Male | J6: Illiterate | K6: Business | L6: 500,000 - 1,000,000 | M6: Son/Daughter | N6: > 5 years | O6: Occupied by owner | P6: Bungalow | Q6: Iron Sheets/titles | R6: Bricks | S6: Tiles | T6: Yard Tap | U6: Not Shared Facilities | V6: unpaved | W6: =13.42-0.33*3 -> 12.43 | X6: 0 | Y6: 0 | Z6: =(166-125)/1000 -> 0.041 | AA6: =(425-125)/1000 -> 0.3 | AB6: =(547-330)/1000 -> 0.217 | AC6: =(263-125)/1000 -> 0.138 | AD6: 0 | AE6: 0 | AF6: 0 | AG6: =SUM(W6:AF6) -> 13.126 | AH6: =(AG6/7) -> 1.8751429 | AI6: =AH6/G6 -> 0.26787755 | AJ6: 30 | AK6: =AG6/AJ6 -> 0.43753333
A7: 3 | B7: Household_3 | C7: Kawenpe Division | D7: Bwaise I | E7: Lubagge | F7: low-income | G7: 6 | H7: 36-60 years | I7: Female | J7: Secondary | K7: Business | L7: 500,000 - 1,000,000 | M7: Household head | N7: > 5 years | O7: Occupied by owner | P7: Bungalow | Q7: Iron Sheets/titles | R7: Bricks | S7: Tiles | T7: Yard Tap | U7: Shared Facilities | V7: unpaved | W7: 0 | X7: 0 | Y7: 0 | Z7: 0 | AA7: 0 | AB7: 4.56 | AC7: 0 | AD7: 0 | AE7: 0 | AF7: 0 | AG7: =SUM(W7:AF7) -> 4.56 | AH7: =(AG7/7) -> 0.65142857 | AI7: =AH7/G7 -> 0.10857143 | AJ7: 12 | AK7: =AG7/AJ7 -> 0.38
A8: 4 | B8: Household_5 | C8: Kawenpe Division | D8: Bwaise I | E8: Bubajjwe | F8: low-income | G8: 11 | H8: >60 years | I8: Male | J8: Secondary | K8: Retired | L8: 500,000 - 1,000,001 | M8: Household head | N8: > 5 years | O8: Occupied by owner | P8: Bungalow | Q8: Iron Sheets/titles | R8: Bricks | S8: Cemented | T8: Yard Tap | U8: Not Shared Facilities | V8: unpaved | W8: =(4.3+2.48)-(0.33*2) -> 6.12 | X8: =(3.7+3.46+4.3)-0.33*3 -> 10.47 | Y8: =(279-125)/1000 -> 0.154 | Z8: =1.08-0.125 -> 0.955 | AA8: =(256-125)/1000 -> 0.131 | AB8: =(741-125)/1000 -> 0.616 | AC8: =(134-125)/1000 -> 0.009 | AD8: 0 | AE8: 0 | AF8: =(1240-125)/1000 -> 1.115 | AG8: =SUM(W8:AF8) -> 19.57 | AH8: =(AG8/7) -> 2.7957143 | AI8: =AH8/G8 -> 0.25415584 | AJ8: 70 | AK8: =AG8/AJ8 -> 0.27957143
A9: 5 | B9: Household_6 | C9: Kawenpe Division | D9: Bwaise I | E9: Bubajjwe | F9: low-income | G9: 2 | H9: 18-35 years | I9: Female | J9: Tertiary | K9: Private Employee | L9: 500,000 - 1,000,000 | M9: Household head | N9: > 5 years | O9: Occupied by owner | P9: Temporary | Q9: Iron Sheets/titles | R9: Bricks | S9: Tiles | T9: House connection | U9: Not Shared Facilities | V9: unpaved | W9: 4.02 | X9: 0 | Y9: 0 | Z9: 0 | AA9: 0 | AB9: 0.05 | AC9: 0 | AD9: 0 | AE9: 0 | AF9: 0 | AG9: =SUM(W9:AF9) -> 4.07 | AH9: =(AG9/7) -> 0.58142857 | AI9: =AH9/G9 -> 0.29071429 | AJ9: 8 | AK9: =AG9/AJ9 -> 0.50875
A10: 6 | B10: Household_7 | C10: Kawenpe Division | D10: Bwaise I | E10: Bubajjwe | F10: low-income | G10: 7 | H10: 18-35 years | I10: Female | J10: Primary | K10: Retired | L10: <500,000 | M10: Household head | N10: > 5 years | O10: Occupied by owner | P10: Bungalow | Q10: Iron Sheets/titles | R10: Bricks | S10: Cemented | T10: Stand pipe | U10: Not Shared Facilities | V10: unpaved | W10: =(279-125)/1000 -> 0.154 | X10: 0 | Y10: 0 | Z10: =(301-125)/1000 -> 0.176 | AA10: =(145-125)/1000 -> 0.02 | AB10: =(154-125)/1000 -> 0.029 | AC10: =(947-330)/1000+90/1000 -> 0.707 | AD10: 0 | AE10: 0 | AF10: =(160-125)/1000 -> 0.035 | AG10: =SUM(W10:AF10) -> 1.121 | AH10: =(AG10/7) -> 0.16014286 | AI10: =AH10/G10 -> 0.022877551 | AJ10: 14 | AK10: =AG10/AJ10 -> 0.080071429
A11: 7 | B11: Household_8 | C11: Kawenpe Division | D11: Bwaise I | E11: Bubajjwe | F11: low-income | G11: 4 | H11: 36-60 years | I11: Female | J11: Secondary | K11: Business | L11: <500,000 | M11: Household head | N11: > 5 years | O11: Rented | P11: Bungalow | Q11: Iron Sheets/titles | R11: Bricks | S11: Cemented | T11: Stand pipe | U11: Shared Facilities | V11: unpaved | W11: =(3.72*10-0.33*10) -> 33.9 | X11: 0 | Y11: 0 | Z11: 0 | AA11: 0 | AB11: 0 | AC11: 0 | AD11: 0 | AE11: 0 | AF11: 0 | AG11: =SUM(W11:AF11) -> 33.9 | AH11: =(AG11/7) -> 4.8428571 | AI11: =AH11/G11 -> 1.2107143 | AJ11: 100 | AK11: =AG11/AJ11 -> 0.339
A12: 8 | B12: Household_9 | C12: Kawenpe Division | D12: Bwaise I | E12: Bubajjwe | F12: low-income | G12: 3 | H12: 18-35 years | I12: Female | J12: Primary | K12: Business | L12: <500,000 | M12: Household head | N12: 3-5 years | O12: Rented | P12: Bungalow | Q12: Iron Sheets/titles | R12: Bricks | S12: Cemented | T12: Stand pipe | U12: Shared Facilities | V12: unpaved | W12: 9.12 | X12: 0 | Y12: 0 | Z12: =(693-125)/1000 -> 0.568 | AA12: =(163-125)/1000 -> 0.038 | AB12: 0 | AC12: 0 | AD12: 0 | AE12: =(249-125)/1000 -> 0.124 | AF12: =(375+200-125)/1000 -> 0.45 | AG12: =SUM(W12:AF12) -> 10.3 | AH12: =(AG12/7) -> 1.4714286 | AI12: =AH12/G12 -> 0.49047619 | AJ12: 34 | AK12: =AG12/AJ12 -> 0.30294118
A13: 9 | B13: Household_10 | C13: Kawenpe Division | D13: Bwaise I | E13: Bubajjwe | F13: low-income | G13: 2 | H13: 36-60 years | I13: Female | J13: Primary | K13: Business | L13: <500,000 | M13: Household head | N13: 1-3 years | O13: Rented | P13: Bungalow | Q13: Iron Sheets/titles | R13: Bricks | S13: Cemented | T13: Yard Tap | U13: Shared Facilities | V13: unpaved | W13: 11.5 | X13: 0 | Y13: 0 | Z13: 0 | AA13: 0 | AB13: =(173-125)/1000 -> 0.048 | AC13: 0 | AD13: 0 | AE13: 0 | AF13: 0 | AG13: =SUM(W13:AF13) -> 11.548 | AH13: =(AG13/7) -> 1.6497143 | AI13: =AH13/G13 -> 0.82485714 | AJ13: 40 | AK13: =AG13/AJ13 -> 0.2887
A14: 10 | B14: Household_11 | C14: Kawenpe Division | D14: Bwaise I | E14: Bubajjwe | F14: low-income | G14: 3 | H14: 18-35 years | I14: Female | J14: Primary | K14: Business | L14: <500,000 | M14: Son/Daughter | N14: > 5 years | O14: Rented | P14: Bungalow | Q14: Iron Sheets/titles | R14: Bricks | S14: Cemented | T14: Stand pipe | U14: Not Shared Facilities | V14: unpaved | W14: 10.3 | X14: 0 | Y14: 0 | Z14: 0 | AA14: =(223-125)/1000 -> 0.098 | AB14: 0 | AC14: =(278-125)/1000 -> 0.153 | AD14: 0 | AE14: 0 | AF14: =(144-125)/1000 -> 0.019 | AG14: =SUM(W14:AF14) -> 10.57 | AH14: =(AG14/7) -> 1.51 | AI14: =AH14/G14 -> 0.50333333 | AJ14: 20 | AK14: =AG14/AJ14 -> 0.5285
A15: 11 | B15: Household_12 | C15: Kawenpe Division | D15: Bwaise I | E15: Bubajjwe | F15: low-income | G15: 2 | H15: 36-60 years | I15: Female | J15: Primary | K15: Business | L15: 500,000 - 1,000,000 | M15: Son/Daughter | N15: 3-5 years | O15: Rented | P15: Bungalow | Q15: Iron Sheets/titles | R15: Bricks | S15: Cemented | T15: Stand pipe | U15: Not Shared Facilities | V15: unpaved | W15: =(3.14+4.16)-0.33*2 -> 6.64 | X15: 0 | Y15: 0 | Z15: =(150-125)/1000 -> 0.025 | AA15: =(225-125)/1000 -> 0.1 | AB15: 0 | AC15: 0 | AD15: 0 | AE15: 0 | AF15: 0 | AG15: =SUM(W15:AF15) -> 6.765 | AH15: =(AG15/7) -> 0.96642857 | AI15: =AH15/G15 -> 0.48321429 | AJ15: 24 | AK15: =AG15/AJ15 -> 0.281875
A16: 12 | B16: Household_14 | C16: Kawenpe Division | D16: Bwaise I | E16: Bishop Mukwaya | F16: low-income | G16: 4 | H16: 18-35 years | I16: Male | J16: Secondary | K16: Housewife | L16: <500,000 | M16: Household head | N16: > 5 years | O16: Occupied by owner | P16: Bungalow | Q16: Iron Sheets/titles | R16: Bricks | S16: Tiles | T16: House connection | U16: Not Shared Facilities | V16: unpaved | W16: 8.52 | X16: 0 | Y16: 0 | Z16: =(180-125)/1000 -> 0.055 | AA16: 0 | AB16: 0 | AC16: 0 | AD16: 0.029 | AE16: 0 | AF16: =(454-125)/1000 -> 0.329 | AG16: =SUM(W16:AF16) -> 8.933 | AH16: =(AG16/7) -> 1.2761429 | AI16: =AH16/G16 -> 0.31903571 | AJ16: 30 | AK16: =AG16/AJ16 -> 0.29776667
A17: 13 | B17: Household_15 | C17: Kawenpe Division | D17: Bwaise I | E17: Bishop Mukwaya | F17: low-income | G17: 3 | H17: >60 years | I17: Male | J17: Primary | K17: Retired | L17: <500,000 | M17: Household head | N17: > 5 years | O17: Occupied by owner | P17: Bungalow | Q17: Iron Sheets/titles | R17: Bricks | S17: Cemented | T17: Stand pipe | U17: Not Shared Facilities | V17: unpaved | W17: =0.54-0.33 -> 0.21 | X17: 0 | Y17: 0 | Z17: 0 | AA17: 0 | AB17: =1.2-0.33 -> 0.87 | AC17: =0.9-0.33 -> 0.57 | AD17: 0 | AE17: 0 | AF17: 0.5 | AG17: =SUM(W17:AF17) -> 2.15 | AH17: =(AG17/7) -> 0.30714286 | AI17: =AH17/G17 -> 0.10238095 | AJ17: 4 | AK17: =AG17/AJ17 -> 0.5375
A18: 14 | B18: Household_16 | C18: Kawenpe Division | D18: Bwaise I | E18: Bishop Mukwaya | F18: low-income | G18: 6 | H18: 36-60 years | I18: Male | J18: Illiterate | K18: Business | L18: <500,000 | M18: Son/Daughter | N18: > 5 years | O18: Rented | P18: Bungalow | Q18: Iron Sheets/titles | R18: Bricks | S18: Cemented | T18: Stand pipe | U18: Not Shared Facilities | V18: unpaved | W18: 9.42 | X18: 0 | Y18: =(194-125)/1000 -> 0.069 | Z18: =309/1000 -> 0.309 | AA18: =(413-125)/1000 -> 0.288 | AB18: =(599-125)/1000 -> 0.474 | AC18: =(276-125)/1000 -> 0.151 | AD18: 0 | AE18: 0 | AF18: =(1.17-0.33) -> 0.84 | AG18: =SUM(W18:AF18) -> 11.551 | AH18: =(AG18/7) -> 1.6501429 | AI18: =AH18/G18 -> 0.27502381 | AJ18: 40 | AK18: =AG18/AJ18 -> 0.288775
A19: 15 | B19: Household_17 | C19: Kawenpe Division | D19: Bwaise I | E19: Bishop Mukwaya | F19: low-income | G19: 11 | H19: >60 years | I19: Male | J19: Primary | K19: Business | L19: <500,000 | M19: Household head | N19: > 5 years | O19: Occupied by owner | P19: Temporary | Q19: Iron Sheets/titles | R19: Bricks | S19: Cemented | T19: Yard Tap | U19: Not Shared Facilities | V19: unpaved | W19: 13.12 | X19: 0 | Y19: 0 | Z19: =(1.14*3-0.33*3) -> 2.43 | AA19: 0 | AB19: =1.76*3-0.33*3 -> 4.29 | AC19: =(0.782*3+0.45*3)-2*3*0.33 -> 1.716 | AD19: 0 | AE19: 0 | AF19: 0 | AG19: =SUM(W19:AF19) -> 21.556 | AH19: =(AG19/7) -> 3.0794286 | AI19: =AH19/G19 -> 0.27994805 | AJ19: 64 | AK19: =AG19/AJ19 -> 0.3368125
A20: 16 | B20: Household_18 | C20: Kawenpe Division | D20: Bwaise I | E20: Bishop Mukwaya | F20: low-income | G20: 3 | H20: 18-35 years | I20: Female | J20: Secondary | K20: Business | L20: <500,000 | M20: Household head | N20: 1-3 years | O20: Rented | P20: Bungalow | Q20: Iron Sheets/titles | R20: Mud/poles | S20: Mud | T20: Stand pipe | U20: Shared Facilities | V20: unpaved | W20: 4.18 | X20: 0 | Y20: 0 | Z20: 0 | AA20: 0 | AB20: =(632-125)/1000 -> 0.507 | AC20: 0 | AD20: 0 | AE20: 0 | AF20: =(845-330)/1000 -> 0.515 | AG20: =SUM(AB20:AF20)+4.18 -> 5.202 | AH20: =(AG20/7) -> 0.74314286 | AI20: =AH20/G20 -> 0.24771429 | AJ20: 10 | AK20: =AG20/AJ20 -> 0.5202
A21: 17 | B21: Household_19 | C21: Kawenpe Division | D21: Bwaise I | E21: Bishop Mukwaya | F21: low-income | G21: 12 | H21: 36-60 years | I21: Female | J21: Secondary | K21: Business | L21: <500,000 | M21: Household head | N21: > 5 years | O21: Occupied by owner | P21: Bungalow | Q21: Iron Sheets/titles | R21: Mud/poles | S21: Mud | T21: Stand pipe | U21: Shared Facilities | V21: unpaved | W21: =(4.26*8) -> 34.08 | X21: 0 | Y21: 0 | Z21: 0 | AA21: 0 | AB21: 0 | AC21: 0 | AD21: 0 | AE21: 0 | AF21: 0 | AG21: =W21+3.2 -> 37.28 | AH21: =(AG21/7) -> 5.3257143 | AI21: =AH21/G21 -> 0.44380952 | AJ21: 140 | AK21: =AG21/AJ21 -> 0.26628571
A22: 18 | B22: Household_21 | C22: Kawenpe Division | D22: Bwaise I | E22: Lule | F22: low-income | G22: 6 | H22: 36-60 years | I22: Male | J22: Tertiary | K22: Government Employee | L22: 1,000,000 - 3,000,000 | M22: Spouse | N22: 1-3 years | O22: Rented | P22: Bungalow | Q22: Iron Sheets/titles | R22: Bricks | S22: Tiles | T22: House connection | U22: Not Shared Facilities | V22: unpaved | W22: =4.24+6.16+5.9+6.08 -> 22.38 | X22: =(540-125)/1000 -> 0.415 | Y22: 0 | Z22: 0 | AA22: =(362-125)/1000 -> 0.237 | AB22: =(454-125)/1000 -> 0.329 | AC22: =(1171+651-330)/1000 -> 1.492 | AD22: 0 | AE22: 0 | AF22: =(411-330)/1000 -> 0.081 | AG22: =SUM(W22:AF22) -> 24.934 | AH22: =(AG22/7) -> 3.562 | AI22: =AH22/G22 -> 0.59366667 | AJ22: 70 | AK22: =AG22/AJ22 -> 0.3562
A23: 19 | B23: Household_22 | C23: Kawenpe Division | D23: Bwaise I | E23: Lule | F23: low-income | G23: 7 | H23: >60 years | I23: Male | J23: Secondary | K23: Business | L23: 500,000 - 1,000,000 | M23: Spouse | N23: > 5 years | O23: Occupied by owner | P23: Bungalow | Q23: Iron Sheets/titles | R23: Bricks | S23: Cemented | T23: Yard Tap | U23: Not Shared Facilities | V23: Unpaved | W23: 11.9 | X23: 0 | Y23: 0 | Z23: =1.355-0.33 -> 1.025 | AA23: 0 | AB23: =(1184-125)/1000 -> 1.059 | AC23: =1.032-0.33 -> 0.702 | AD23: 0 | AE23: 0 | AF23: =0.306-0.125 -> 0.181 | AG23: =SUM(W23:AF23) -> 14.867 | AH23: =(AG23/7) -> 2.1238571 | AI23: =AH23/G23 -> 0.30340816 | AJ23: 34 | AK23: =AG23/AJ23 -> 0.43726471
A24: 20 | B24: Household_23 | C24: Kawenpe Division | D24: Bwaise I | E24: Lule | F24: low-income | G24: 3 | H24: 18-35 years | I24: Male | J24: Illiterate | K24: Retired | L24: <500,000 | M24: Household head | N24: 1-3 years | O24: Rented | P24: Bungalow | Q24: Iron Sheets/titles | R24: Bricks | S24: Cemented | T24: Stand pipe | U24: Not Shared Facilities | V24: Unpaved | W24: =(2.82*7-0.125*7) -> 18.865 | X24: 0 | Y24: 0 | Z24: 0 | AA24: =(179-125)/1000 -> 0.054 | AB24: =(520-125)/1000 -> 0.395 | AC24: =(481-330)/1000 -> 0.151 | AD24: 0 | AE24: 0 | AF24: 0 | AG24: =SUM(W24:AF24) -> 19.465 | AH24: =(AG24/7) -> 2.7807143 | AI24: =AH24/G24 -> 0.92690476 | AJ24: 64 | AK24: =AG24/AJ24 -> 0.30414062
A25: 21 | B25: Household_25 | C25: Kawenpe Division | D25: Bwaise I | E25: Lule | F25: low-income | G25: 2 | H25: 18-35 years | I25: Male | J25: Secondary | K25: Private Employee | L25: 500,000 - 1,000,000 | M25: Household head | N25: 1-3 years | O25: Rented | P25: Bungalow | Q25: Iron Sheets/titles | R25: Bricks | S25: Cemented | T25: Yard Tap | U25: Not Shared Facilities | V25: Unpaved | W25: 2.9 | X25: 0 | Y25: 0 | Z25: =0.208-0.125 -> 0.083 | AA25: =0.233-0.125 -> 0.108 | AB25: =0.213-0.125 -> 0.088 | AC25: 0 | AD25: 0 | AE25: 0 | AF25: =2.68-0.125 -> 2.555 | AG25: =SUM(W25:AF25) -> 5.734 | AH25: =(AG25/7) -> 0.81914286 | AI25: =AH25/G25 -> 0.40957143 | AJ25: 34 | AK25: =AG25/AJ25 -> 0.16864706
A26: 22 | B26: Household_26 | C26: Kawenpe Division | D26: Bwaise I | E26: Lule | F26: low-income | G26: 6 | H26: 36-60 years | I26: Female | J26: Illiterate | K26: Government Employee | L26: <500,000 | M26: Household head | N26: > 5 years | O26: Occupied by owner | P26: Bungalow | Q26: Iron Sheets/titles | R26: Bricks | S26: Cemented | T26: House connection | U26: Not Shared Facilities | V26: Unpaved | W26: 12.18 | X26: 0 | Y26: 0 | Z26: =0.142-0.125 -> 0.017 | AA26: =0.159-0.125 -> 0.034 | AB26: =2-0.33 -> 1.67 | AC26: =0.277-0.125 -> 0.152 | AD26: 0 | AE26: 0.151 | AF26: 0 | AG26: =SUM(W26:AF26) -> 14.204 | AH26: =(AG26/7) -> 2.0291429 | AI26: =AH26/G26 -> 0.33819048 | AJ26: 30 | AK26: =AG26/AJ26 -> 0.47346667
A27: 23 | B27: Household_27 | C27: Kawenpe Division | D27: Bwaise I | E27: Lule | F27: low-income | G27: 3 | H27: 18-35 years | I27: Male | J27: Tertiary | K27: Private Employee | L27: 500,000 - 1,000,000 | M27: Spouse | N27: 1-3 years | O27: Rented | P27: Bungalow | Q27: Iron Sheets/titles | R27: Bricks | S27: Cemented | T27: Stand pipe | U27: Not Shared Facilities | V27: Unpaved | W27: =0.221-0.125 -> 0.096 | X27: 0 | Y27: 0 | Z27: 0 | AA27: =0.15+0.148-0.125*2 -> 0.048 | AB27: =0.177-0.125 -> 0.052 | AC27: =0.271-0.125 -> 0.146 | AD27: 0 | AE27: 0 | AF27: 0 | AG27: =SUM(W27:AF27) -> 0.342 | AH27: =(AG27/7) -> 0.048857143 | AI27: =AH27/G27 -> 0.016285714 | AJ27: 4 | AK27: =AG27/AJ27 -> 0.0855
A28: 24 | B28: Household_28 | C28: Kawenpe Division | D28: Bwaise I | E28: Lule | F28: low-income | G28: 3 | H28: 18-35 years | I28: Male | J28: Tertiary | K28: Business | L28: 500,000 - 1,000,000 | M28: Household head | N28: 1-3 years | O28: Rented | P28: Bungalow | Q28: Iron Sheets/titles | R28: Bricks | S28: Cemented | T28: Yard Tap | U28: Not Shared Facilities | V28: Unpaved | W28: =0.689-0.125 -> 0.564 | X28: 0 | Y28: 0 | Z28: 0 | AA28: 0 | AB28: =0.204-0.125 -> 0.079 | AC28: 0.142 | AD28: 0 | AE28: 0 | AF28: 0 | AG28: =SUM(W28:AF28) -> 0.785 | AH28: =(AG28/7) -> 0.11214286 | AI28: =AH28/G28 -> 0.037380952 | AJ28: 8 | AK28: =AG28/AJ28 -> 0.098125
A29: 25 | B29: Household_31 | C29: Kawenpe Division | D29: Bwaise I | E29: Lule | F29: low-income | G29: 4 | H29: 18-35 years | I29: Male | J29: Secondary | K29: Private Employee | L29: <500,000 | M29: Spouse | N29: 3-5 years | O29: Rented | P29: Bungalow | Q29: Iron Sheets/titles | R29: Bricks | S29: Cemented | T29: Yard Tap | U29: Not Shared Facilities | V29: Unpaved | W29: 7.1 | X29: 0 | Y29: 0 | Z29: =0.405-0.125 -> 0.28 | AA29: 0 | AB29: =0.585-0.125 -> 0.46 | AC29: =0.22-0.125 -> 0.095 | AD29: 0 | AE29: 0 | AF29: 0 | AG29: =SUM(W29:AF29) -> 7.935 | AH29: =(AG29/7) -> 1.1335714 | AI29: =AH29/G29 -> 0.28339286 | AJ29: 20 | AK29: =AG29/AJ29 -> 0.39675
A30: 26 | B30: Household_32 | C30: Kawenpe Division | D30: Bwaise I | E30: Lule | F30: low-income | G30: 2 | H30: 36-60 years | I30: Male | J30: Secondary | K30: Business | L30: <500,000 | M30: Spouse | N30: 1-3 years | O30: Rented | P30: Bungalow | Q30: Iron Sheets/titles | R30: Bricks | S30: Cemented | T30: Yard Tap | U30: Shared Facilities | V30: Unpaved | W30: 14.06 | X30: 0 | Y30: 0 | Z30: 0 | AA30: =0.138-0.125 -> 0.013 | AB30: =0.252-0.125 -> 0.127 | AC30: =0.214-0.125 -> 0.089 | AD30: 0 | AE30: =0.237-0.125 -> 0.112 | AF30: =0.332-0.125 -> 0.207 | AG30: =SUM(W30:AF30) -> 14.608 | AH30: =(AG30/7) -> 2.0868571 | AI30: =AH30/G30 -> 1.0434286 | AJ30: 34 | AK30: =AG30/AJ30 -> 0.42964706
A31: 27 | B31: Household_35 | C31: Kawenpe Division | D31: Bwaise I | E31: Lule | F31: low-income | G31: 5 | H31: 18-35 years | I31: Male | J31: Secondary | K31: Business | L31: <500,000 | M31: Spouse | N31: <1 year | O31: Rented | P31: Bungalow | Q31: Iron Sheets/titles | R31: Bricks | S31: Cemented | T31: Yard Tap | U31: Shared Facilities | V31: Unpaved | W31: 29.38 | X31: 9.35 | Y31: 0 | Z31: 0 | AA31: 0 | AB31: 3.28 | AC31: 1.99 | AD31: 0 | AE31: 0 | AF31: 0 | AG31: =34+10 -> 44 | AH31: =(AG31/7) -> 6.2857143 | AI31: =AH31/G31 -> 1.2571429 | AJ31: 140 | AK31: =AG31/AJ31 -> 0.31428571
A32: 28 | B32: Household_36 | C32: Kawenpe Division | D32: Bwaise I | E32: Lule | F32: low-income | G32: 3 | H32: 36-60 years | I32: Male | J32: Primary | K32: Business | L32: <500,000 | M32: Spouse | N32: 1-3 years | O32: Rented | P32: Temporary | Q32: Iron Sheets/titles | R32: Bricks | S32: Cemented | T32: Stand pipe | U32: Shared Facilities | V32: Unpaved | W32: 6.68 | X32: 0 | Y32: 0 | Z32: 0 | AA32: 0.029 | AB32: =0.505-0.125 -> 0.38 | AC32: =0.157-0.125 -> 0.032 | AD32: 0 | AE32: 0 | AF32: =0.362-0.125 -> 0.237 | AG32: =SUM(W32:AF32) -> 7.358 | AH32: =(AG32/7) -> 1.0511429 | AI32: =AH32/G32 -> 0.35038095 | AJ32: 18 | AK32: =AG32/AJ32 -> 0.40877778
A33: 29 | B33: Household_39 | C33: Kawenpe Division | D33: Bwaise I | E33: Kiyaga | F33: low-income | G33: 8 | H33: >60 years | I33: Female | J33: Primary | K33: Retired | L33: <500,000 | M33: Household head | N33: 3-5 years | O33: Occupied by owner | P33: Bungalow | Q33: Iron Sheets/titles | R33: Bricks | S33: Cemented | T33: Yard Tap | U33: Not Shared Facilities | V33: Unpaved | W33: 5.26 | X33: 0 | Y33: 0 | Z33: =0.463-0.33 -> 0.133 | AA33: =0.322-0.125 -> 0.197 | AB33: =1.591-0.33 -> 1.261 | AC33: 1.18 | AD33: 0 | AE33: 0 | AF33: 0 | AG33: =SUM(W33:AF33) -> 8.031 | AH33: =(AG33/7) -> 1.1472857 | AI33: =AH33/G33 -> 0.14341071 | AJ33: 24 | AK33: =AG33/AJ33 -> 0.334625
A34: 30 | B34: Household_41 | C34: Kawenpe Division | D34: Bwaise I | E34: Kiyaga | F34: low-income | G34: 3 | H34: 36-60 years | I34: Male | J34: Tertiary | K34: Government Employee | L34: 500,000 - 1,000,000 | M34: Household head | N34: > 5 years | O34: Occupied by owner | P34: Bungalow | Q34: Iron Sheets/titles | R34: Bricks | S34: Cemented | T34: House connection | U34: Not Shared Facilities | V34: Unpaved | W34: 1.38 | X34: 0 | Y34: 0 | Z34: 0 | AA34: =0.296-0.125 -> 0.171 | AB34: =0.342-0.125 -> 0.217 | AC34: =0.419-0.33 -> 0.089 | AD34: 0 | AE34: =0.163-0.125 -> 0.038 | AF34: 0 | AG34: =SUM(W34:AF34) -> 1.895 | AH34: =(AG34/7) -> 0.27071429 | AI34: =AH34/G34 -> 0.090238095 | AJ34: 4 | AK34: =AG34/AJ34 -> 0.47375
A35: 31 | B35: Household_44 | C35: Kawenpe Division | D35: Bwaise I | E35: Kulumba | F35: low-income | G35: 2 | H35: >60 years | I35: Female | J35: Illiterate | K35: Retired | L35: <500,000 | M35: Son/Daughter | N35: > 5 years | O35: Occupied by owner | P35: Bungalow | Q35: Iron Sheets/titles | R35: Bricks | S35: Cemented | T35: Yard Tap | U35: Shared Facilities | V35: Unpaved | W35: 8.24 | X35: 0 | Y35: 0 | Z35: 0.07 | AA35: =0.216-0.125 -> 0.091 | AB35: =0.571-0.125 -> 0.446 | AC35: =0.164-0.125 -> 0.039 | AD35: 0 | AE35: 0 | AF35: 0 | AG35: =SUM(W35:AF35) -> 8.886 | AH35: =(AG35/7) -> 1.2694286 | AI35: =AH35/G35 -> 0.63471429 | AJ35: 20 | AK35: =AG35/AJ35 -> 0.4443
A36: 32 | B36: Household_45 | C36: Kawenpe Division | D36: Bwaise I | E36: Kulumba | F36: low-income | G36: 4 | H36: 18-35 years | I36: Male | J36: Secondary | K36: Private Employee | L36: 500,000 - 1,000,000 | M36: Spouse | N36: 1-3 years | O36: Rented | P36: Bungalow | Q36: Iron Sheets/titles | R36: Bricks | S36: Cemented | T36: Stand pipe | U36: Not Shared Facilities | V36: Unpaved | W36: 4 | X36: 0 | Y36: 0 | Z36: 0 | AA36: =0.175-0.125 -> 0.05 | AB36: =0.246-0.125 -> 0.121 | AC36: 0 | AD36: 0 | AE36: 0 | AF36: 0 | AG36: =SUM(W36:AF36) -> 4.171 | AH36: =(AG36/7) -> 0.59585714 | AI36: =AH36/G36 -> 0.14896429 | AJ36: 8 | AK36: =AG36/AJ36 -> 0.521375
A37: 33 | B37: Household_46 | C37: Kawenpe Division | D37: Bwaise I | E37: Kulumba | F37: low-income | G37: 6 | H37: 36-60 years | I37: Male | J37: Secondary | K37: Business | L37: 500,000 - 1,000,000 | M37: Spouse | N37: > 5 years | O37: Rented | P37: Bungalow | Q37: Iron Sheets/titles | R37: Bricks | S37: Cemented | T37: Stand pipe | U37: Shared Facilities | V37: Unpaved | W37: 18 | X37: 0 | Y37: 0 | Z37: 0 | AA37: =0.198-0.125 -> 0.073 | AB37: =3.4-1.5-0.33 -> 1.57 | AC37: =1.166-0.5-0.33 -> 0.336 | AD37: 0 | AE37: 0 | AF37: 0 | AG37: =SUM(W37:AF37) -> 19.979 | AH37: =(AG37/7) -> 2.8541429 | AI37: =AH37/G37 -> 0.47569048 | AJ37: 74 | AK37: =AG37/AJ37 -> 0.26998649
A38: 34 | B38: Household_47 | C38: Kawenpe Division | D38: Bwaise I | E38: Kulumba | F38: low-income | G38: 4 | H38: >60 years | I38: Female | J38: Secondary | K38: Business | L38: <500,000 | M38: Household head | N38: > 5 years | O38: Occupied by owner | P38: Bungalow | Q38: Iron Sheets/titles | R38: Bricks | S38: Cemented | T38: Yard Tap | U38: Not Shared Facilities | V38: Unpaved | W38: 23.44 | X38: 0 | Y38: 0 | Z38: 0 | AA38: 0 | AB38: 2.26 | AC38: =6.68-2.26 -> 4.42 | AD38: 0 | AE38: 0 | AF38: 10.18 | AG38: =SUM(W38:AF38) -> 40.3 | AH38: =(AG38/7) -> 5.7571429 | AI38: =AH38/G38 -> 1.4392857 | AJ38: 160 | AK38: =AG38/AJ38 -> 0.251875
A39: 35 | B39: Household_48 | C39: Kawenpe Division | D39: Bwaise I | E39: Kulumba | F39: low-income | G39: 8 | H39: >60 years | I39: Female | J39: Secondary | K39: Business | L39: <500,000 | M39: Household head | N39: > 5 years | O39: Occupied by owner | P39: Bungalow | Q39: Iron Sheets/titles | R39: Bricks | S39: Cemented | T39: Yard Tap | U39: Shared Facilities | V39: Unpaved | W39: 8.7 | X39: 7.08 | Y39: 0 | Z39: =0.206-0.125 -> 0.081 | AA39: =0.156-0.125 -> 0.031 | AB39: =0.592-0.125 -> 0.467 | AC39: =0.174-0.125 -> 0.049 | AD39: 0 | AE39: 0 | AF39: 0 | AG39: =SUM(W39:AF39) -> 16.408 | AH39: =(AG39/7) -> 2.344 | AI39: =AH39/G39 -> 0.293 | AJ39: 44 | AK39: =AG39/AJ39 -> 0.37290909
A40: 36 | B40: Household_51 | C40: Kawenpe Division | D40: Bwaise I | E40: Kulumba | F40: low-income | G40: 6 | H40: >60 years | I40: Male | J40: Secondary | K40: Private Employee | L40: 500,000 - 1,000,000 | M40: Spouse | N40: > 5 years | O40: Occupied by owner | P40: Bungalow | Q40: Iron Sheets/titles | R40: Bricks | S40: Cemented | T40: House connection | U40: Not Shared Facilities | V40: Unpaved | W40: =4.64+4.2+6.44+1.24-1.42-0.33*4 -> 13.78 | X40: 10.99 | Y40: =0.355-0.125 -> 0.23 | Z40: =1.026-0.125 -> 0.901 | AA40: =0.148-0.125 -> 0.023 | AB40: =0.737-0.125 -> 0.612 | AC40: =0.205-0.125 -> 0.08 | AD40: 0 | AE40: =0.168-0.125 -> 0.043 | AF40: 0 | AG40: =SUM(W40:AF40) -> 26.659 | AH40: =(AG40/7) -> 3.8084286 | AI40: =AH40/G40 -> 0.6347381 | AJ40: 70 | AK40: =AG40/AJ40 -> 0.38084286
A41: 37 | B41: Household_52 | C41: Kawenpe Division | D41: Bwaise I | E41: Kulumba | F41: low-income | G41: 7 | H41: 36-60 years | I41: Female | J41: Secondary | K41: Business | L41: <500,000 | M41: Household head | N41: > 5 years | O41: Occupied by owner | P41: Bungalow | Q41: Iron Sheets/titles | R41: Bricks | S41: Cemented | T41: Yard Tap | U41: Not Shared Facilities | V41: Unpaved | W41: 5.66 | X41: 0 | Y41: 0 | Z41: 0 | AA41: =0.14-0.125 -> 0.015 | AB41: =0.315-0.125 -> 0.19 | AC41: =0.187-0.125 -> 0.062 | AD41: 0 | AE41: 0 | AF41: 0 | AG41: =SUM(W41:AF41) -> 5.927 | AH41: =(AG41/7) -> 0.84671429 | AI41: =AH41/G41 -> 0.12095918 | AJ41: 12 | AK41: =AG41/AJ41 -> 0.49391667
A42: 38 | B42: Household_53 | C42: Kawenpe Division | D42: Bwaise I | E42: Kulumba | F42: low-income | G42: 6 | H42: 36-60 years | I42: Male | J42: Secondary | K42: Business | L42: <500,000 | M42: Spouse | N42: > 5 years | O42: Rented | P42: Bungalow | Q42: Iron Sheets/titles | R42: Bricks | S42: Cemented | T42: Stand pipe | U42: Not Shared Facilities | V42: Unpaved | W42: =1.76+0.366-0.125 -> 2.001 | X42: 0 | Y42: 0 | Z42: =0.148-0.125 -> 0.023 | AA42: 0 | AB42: =0.38-0.125 -> 0.255 | AC42: =0.146-0.125 -> 0.021 | AD42: 0 | AE42: 0 | AF42: =0.209-0.125 -> 0.084 | AG42: =SUM(W42:AF42) -> 2.384 | AH42: =(AG42/7) -> 0.34057143 | AI42: =AH42/G42 -> 0.056761905 | AJ42: 6 | AK42: =AG42/AJ42 -> 0.39733333
A43: 39 | B43: Household_54 | C43: Kawenpe Division | D43: Bwaise I | E43: Kulumba | F43: low-income | G43: 2 | H43: 18-35 years | I43: Male | J43: Secondary | K43: Business | L43: <500,000 | M43: Spouse | N43: 1-3 years | O43: Rented | P43: Bungalow | Q43: Iron Sheets/titles | R43: bricks | S43: Cemented | T43: Yard Tap | U43: shared Facilities | V43: Unpaved | W43: =5.24+2.5 -> 7.74 | X43: 0 | Y43: 0 | Z43: 0 | AA43: =0.301-0.125 -> 0.176 | AB43: 0.03 | AC43: 0 | AD43: 0 | AE43: 0 | AF43: 0 | AG43: =SUM(W43:AF43) -> 7.946 | AH43: =(AG43/7) -> 1.1351429 | AI43: =AH43/G43 -> 0.56757143 | AJ43: 10 | AK43: =AG43/AJ43 -> 0.7946
AI44: =AVERAGE(AI5:AI43) -> 0.42662958 | AJ44: =AVERAGE(AJ5:AJ43) -> 39.435897 | AK44: =AVERAGE(AK5:AK43) -> 0.36811796
F45: Avearge Household size | G45: =AVERAGE(G5:G43) -> 4.8461538 | U45: =SUM(W45:AF45) -> 503.144 | V45: SUM | W45: =SUM(W5:W43) -> 395.01 | X45: =SUM(X5:X43) -> 38.399 | Y45: =SUM(Y5:Y43) -> 0.453 | Z45: =SUM(Z5:Z43) -> 7.199 | AA45: =SUM(AA5:AA43) -> 2.342 | AB45: =SUM(AB5:AB43) -> 27.086 | AC45: =SUM(AC5:AC43) -> 14.788 | AD45: =SUM(AD5:AD43) -> 0.029 | ... AF45: =SUM(AF5:AF43) -> 17.37
U46: =SUM(W46:AF46) -> 1 | V46: PERCENTAGE | W46: =(W45/$U$45) -> 0.7850834 | X46: =(X45/$U$45) -> 0.076318112 | Y46: =(Y45/$U$45) -> 0.00090033867 | Z46: =(Z45/$U$45) -> 0.014308031 | AA46: =(AA45/$U$45) -> 0.0046547311 | AB46: =(AB45/$U$45) -> 0.053833495 | AC46: =(AC45/$U$45) -> 0.029391188 | AD46: =(AD45/$U$45) -> 5.7637575e-05 | ... AF46: =(AF45/$U$45) -> 0.03452292
V47: AVERAGE

Sheet Bukoto I
A1: Solid waste Characterisation in Selected Households in Bukoto 1
A2: For Bukoto 1, the number of households that were required were 38. Bin bags were supplied to 44 households between 29th January and 5th February, though only 32 households complied and the data collected using the survey questionaires for the 32 households is shown in the table below.
A3: No. | B3: Household ID | C3: Division | D3: Parish | E3: Zone | F3: Socio-economic factors (from proposal) | K3: Other household charactristics investigated | O3: Housing facilities | W3: Amount of Solid waste collected over 7days (kg) | AG3: Total waste generated (kg) | AH3: Generation per day (kg/day) | AI3: Per Capita Generation (kg/day) | AJ3: Volume (L) | AK3: Density (kg/L)
F4: Income level | G4: Number of Occupants | H4: Age of household head | I4: Gender of Household head | J4: Education level of Household head | K4: Profession of Household head | L4: Monthly income | M4: Respondent | N4: Period of Stay in the area | O4: Type of occupancy | P4: Quality of Housing | Q4: Roof material | R4: Wall material | S4: Floor Material | T4: Access to clean Water | U4: Sanitation Facilities | V4: Condition of access road | W4: Food Waste | X4: Garden and Yard Wastes | Y4: Wood | Z4: Textiles | AA4: Paper and pulp | AB4: Polythene Bags | AC4: Plastics and Rubber | AD4: Glass | AE4: Metals | AF4: Others
A5: 1 | B5: Household_1 | C5: Nakawa | D5: Bukoto 1 | E5: Ssemwogerere | F5: Middle-Income | G5: 4 | H5: 36-60 years | I5: Male | J5: Tertiary | K5: Business | L5: 500,0000-1,000,000 | M5: Household Head | N5: > 5 years | O5: Occupied by Owner | P5: Bungalow | Q5: Iron Sheets | R5: Bricks | S5: Tiles | T5: Household Connetion | U5: Not Shared | V5: Unpaved | W5: 15 | X5: 0 | Y5: 0 | Z5: 0 | AA5: =0.19-0.125 -> 0.065 | AB5: =0.569-0.33 -> 0.239 | AC5: =0.272-0.125 -> 0.147 | AD5: 0 | AE5: 0 | AF5: =1.51-0.125 -> 1.385 | AG5: 16.84 | AH5: =AG5/7 -> 2.4057143 | AI5: =AH5/G5 -> 0.60142857 | AJ5: 70 | AK5: 0.24
A6: =A5+1 -> 2 | B6: Household_2 | C6: Nakawa | D6: Bukoto 1 | E6: Ssemwogerere | F6: Middle-Income | G6: 2 | H6: 36-60 years | I6: Male | J6: IIIiterate | K6: Private Employee | L6: less than 500,000 | M6: Household Head | N6: 1-3 years | O6: Rented | P6: Bungalow | Q6: Iron Sheets | R6: Bricks | S6: Cemented | T6: Yard Tap | U6: Shared | V6: Unpaved | W6: 5.46 | X6: =0.38-0.125 -> 0.255 | Y6: 0 | Z6: 0 | AA6: =0.159-0.125 -> 0.034 | AB6: =0.31-0.125 -> 0.185 | AC6: =0.214-0.125 -> 0.089 | AD6: 0 | AE6: 0 | AF6: =0.311-0.125 -> 0.186 | AG6: 6.21 | AH6: =AG6/7 -> 0.88714286 | AI6: =AH6/G6 -> 0.44357143 | AJ6: 8 | AK6: 0.78
A7: =A6+1 -> 3 | B7: Household_3 | C7: Nakawa | D7: Bukoto 1 | E7: Ssemwogerere | F7: Middle-Income | G7: 4 | H7: 36-60 years | I7: Female | J7: Secondray | K7: Private Employee | L7: 500,000-1,000,000 | M7: Household Head | N7: less than ayear | O7: Rented | P7: Bungalow | Q7: Iron Sheets | R7: Bricks | S7: Tiles | T7: Household Connetion | U7: Not Shared | V7: Unpaved | W7: 19.28 | X7: 0 | Y7: 0 | Z7: 0 | AA7: =0.134-0.125 -> 0.009 | AB7: =0.684-0.33 -> 0.354 | AC7: =0.322-0.125 -> 0.197 | AD7: 0 | AE7: 0 | AF7: 0.18 | AG7: 20.02 | AH7: =AG7/7 -> 2.86 | AI7: =AH7/G7 -> 0.715 | AJ7: 40 | AK7: 0.5
A8: =A7+1 -> 4 | B8: Household_4 | C8: Nakawa | D8: Bukoto 1 | E8: Ssemwogerere | F8: Middle-Income | G8: 1 | H8: 36-60 years | I8: Male | J8: Secondray | K8: Business | L8: 500,000-1,000,000 | M8: Daughter | N8: > 5 years | O8: Rented | P8: Bungalow | Q8: Iron Sheets | R8: Bricks | S8: Cemented | T8: Household Connetion | U8: Not Shared | V8: Unpaved | W8: 5.2 | X8: 0 | Y8: 0 | Z8: 0 | AA8: 0 | AB8: =0.212-0.125 -> 0.087 | AC8: =0.44-0.33 -> 0.11 | AD8: 0 | AE8: =0.22-0.125 -> 0.095 | AF8: 0 | AG8: 5.49 | AH8: =AG8/7 -> 0.78428571 | AI8: =AH8/G8 -> 0.78428571 | AJ8: 8 | AK8: 0.69
A9: =A8+1 -> 5 | B9: Household_8 | C9: Nakawa | D9: Bukoto 1 | E9: Ssemwogerere | F9: Middle-Income | G9: 3 | H9: 36-60 years | I9: Female | J9: Tertiary | K9: Private Employee | L9: 500,000-1,000,000 | M9: Spouse | N9: > 5 years | O9: Rented | P9: Bungalow | Q9: Iron Sheets | R9: Bricks | S9: Tiles | T9: Household Connetion | U9: Not Shared | V9: Unpaved | W9: 10.67 | X9: 3.68 | Y9: 0 | Z9: 0 | AA9: 1.56 | AB9: 1 | AC9: 0.32 | AD9: 0.32 | AE9: 0 | AF9: 0.96 | AG9: 18.51 | AH9: =AG9/7 -> 2.6442857 | AI9: =AH9/G9 -> 0.88142857 | AJ9: 50 | AK9: 0.37
A10: =A9+1 -> 6 | B10: Household__9 | C10: Nakawa | D10: Bukoto 1 | E10: Ssemwogerere | F10: Middle-Income | G10: 2 | H10: 18-35 years | I10: Female | J10: Secondray | K10: Business | L10: 500,000-1,000,000 | M10: Household Head | N10: < 1 year | O10: Rented | P10: Bungalow | Q10: Iron Sheets | R10: Bricks | S10: Cemented | T10: Public Standpipe | U10: Shared | V10: Unpaced | W10: 5 | X10: 2.34 | Y10: 0 | Z10: 0 | AA10: 0.05 | AB10: 0.045 | AC10: 0.243 | AD10: 0 | AE10: 0 | AF10: 0.36 | AG10: =SUM(W10:AF10) -> 8.038 | AH10: =AG10/7 -> 1.1482857 | AI10: =AH10/G10 -> 0.57414286 | AJ10: 10 | AK10: =AG10/AJ10 -> 0.8038
A11: =A10+1 -> 7 | B11: Household_10 | C11: Nakawa | D11: Bukoto 1 | E11: Ssemwogerere | F11: Middle-Income | G11: 2 | H11: 36-60 years | I11: Male | J11: Tertiary | K11: Private Employee | L11: 500,000-1,000,000 | M11: Household Head | N11: > 5 years | O11: Occupied by Owner | P11: Bungalow | Q11: Iron Sheets | R11: Bricks | S11: Cemented | T11: Yard Tap | U11: Shared | V11: Unpaved | W11: 8.17 | X11: 0 | Y11: 0 | Z11: 0 | AA11: =0.472-0.125 -> 0.347 | AB11: =0.127-0.125 -> 0.002 | AC11: 0 | AD11: 0 | AE11: 0 | AF11: =1.3 -> 1.3 | AG11: 9.82 | AH11: =AG11/7 -> 1.4028571 | AI11: =AH11/G11 -> 0.70142857 | AJ11: 12 | AK11: 0.82
A12: =A11+1 -> 8 | B12: Household_11 | C12: Nakawa | D12: Bukoto 1 | E12: Ssemwogerere | F12: Middle-Income | G12: 1 | H12: 36-60 years | I12: Male | J12: Tertiary | K12: Government Employee | L12: 500,000-1,000,000 | M12: Spouse | N12: 1-3 years | O12: Rented | P12: Bungalow | Q12: Iron Sheets | R12: Bricks | S12: Cemented | T12: Yard Tap | U12: Shared | V12: Unpaved | W12: =2.286-0.125 -> 2.161 | X12: 0 | Y12: 0 | Z12: 0 | AA12: =0.171-0.125 -> 0.046 | AB12: 0.2 | AC12: =0.141-0.125 -> 0.016 | AD12: 0 | AE12: 0 | AF12: =0.329-0.125 -> 0.204 | AG12: 2.63 | AH12: =AG12/7 -> 0.37571429 | AI12: =AH12/G12 -> 0.37571429 | AJ12: 6 | AK12: 0.44
A13: =A12+1 -> 9 | B13: Household_12 | C13: Nakawa | D13: Bukoto 1 | E13: Ssemwogerere | F13: Middle-Income | G13: 2 | H13: 36-60 years | I13: Female | J13: Tertiary | K13: Private Employee | L13: 500,000-1,000,000 | M13: Daughter | N13: > 5 years | O13: Occupied by Owner | P13: Bungalow | Q13: Iron Sheets | R13: Bricks | S13: Cemented | T13: Yard Tap | U13: Shared | V13: Unpaved | W13: =0.88+6 -> 6.88 | X13: 0 | Y13: =0.225-0.125 -> 0.1 | Z13: =0.164-0.125 -> 0.039 | AA13: =0.48-0.125 -> 0.355 | AB13: =0.562-0.125 -> 0.437 | AC13: =0.472-0.125 -> 0.347 | AD13: 0 | AE13: 0 | AF13: =0.138-0.125 -> 0.013 | AG13: 8.17 | AH13: =AG13/7 -> 1.1671429 | AI13: =AH13/G13 -> 0.58357143 | AJ13: 10 | AK13: 0.82
A14: =A13+1 -> 10 | B14: Household_13 | C14: Nakawa | D14: Bukoto 1 | E14: Ssemwogerere | F14: Middle-Income | G14: 4 | H14: 18-35 years | I14: Male | J14: Tertiary | K14: Business | L14: 500,000-1,000,000 | M14: Spouse | N14: less than ayear | O14: Rented | P14: Bungalow | Q14: Iron Sheets | R14: Bricks | S14: Tiles | T14: Household Connetion | U14: Not Shared | V14: Unpaved | W14: 18.2 | X14: 0 | Y14: 0 | Z14: =0.741-0.33 -> 0.411 | AA14: =0.293-0.125 -> 0.168 | AB14: =0.575-0.125 -> 0.45 | AC14: =0.186-0.125 -> 0.061 | AD14: 0 | AE14: 0 | AF14: 1.48 | AG14: 20.77 | AH14: =AG14/7 -> 2.9671429 | AI14: =AH14/G14 -> 0.74178571 | AJ14: 64 | AK14: 0.32
A15: =A14+1 -> 11 | B15: Househols_16 | C15: Nakawa | D15: Bukoto 1 | E15: Ssemwogerere | F15: Middle-Income | G15: 7 | H15: 36-60 years | I15: Female | J15: Tertiary | K15: Retired | L15: less than 500,000 | M15: Daughter | N15: > 5 years | O15: Occupied by Owner | P15: Bungalow | Q15: Iron Sheets | R15: Bricks | S15: Tiles | T15: Household Connetion | U15: Not Shared | V15: Unpaved | W15: 32 | X15: 1.73 | Y15: 0 | Z15: 0 | AA15: 2.14 | AB15: 0.98 | AC15: 0.052 | AD15: 0 | AE15: 0 | AF15: 1.09 | AG15: 37.99 | AH15: =AG15/7 -> 5.4271429 | AI15: =AH15/G15 -> 0.77530612 | AJ15: 120 | AK15: 0.32
A16: =A15+1 -> 12 | B16: Household_18 | C16: Nakawa | D16: Bukoto 1 | E16: Ssemwogerere | F16: Middle-Income | G16: 4 | H16: 36-60 years | I16: Female | J16: Tertiary | K16: Private Employee | L16: 500,000-1,000,000 | M16: Daughter | N16: > 5 years | O16: Rented | P16: Bungalow | Q16: Iron Sheets | R16: Bricks | S16: Cemented | T16: Yard Tap | U16: Shared | V16: Unpaved | W16: 14.62 | X16: 2.21 | Y16: 0 | Z16: 0.8 | AA16: 0.64 | AB16: 0.24 | AC16: 0.078 | AD16: 0 | AE16: 0 | AF16: 3.67 | AG16: 22.26 | AH16: =AG16/7 -> 3.18 | AI16: =AH16/G16 -> 0.795 | AJ16: 54 | AK16: 0.41
A17: =A16+1 -> 13 | B17: Household_19 | C17: Nakawa | D17: Bukoto 1 | E17: Ssemwogerere | F17: Middle-Income | G17: 9 | H17: 18-35 years | I17: Female | J17: Tertiary | K17: Government Employee | L17: 500,000-1,000,000 | M17: Niece | N17: 3-5 years | O17: Rented | P17: Bungalow | Q17: Iron Sheets | R17: Bricks | S17: Cemented | T17: Household Connetion | U17: Not Shared | V17: Unpaved | W17: =31+9.72 -> 40.72 | X17: 0 | Y17: 0 | Z17: 1.76 | AA17: =0.4-0.125 -> 0.275 | AB17: =2-0.33 -> 1.67 | AC17: =(0.546+0.758-0.125*2) -> 1.054 | AD17: 0 | AE17: 0 | AF17: 0 | AG17: 45.479 | AH17: =AG17/7 -> 6.497 | AI17: =AH17/G17 -> 0.72188889 | AJ17: 140 | AK17: 0.325
A18: =A17+1 -> 14 | B18: Household_20 | C18: Nakawa | D18: Bukoto 1 | E18: Ssemwogerere | F18: Middle-Income | G18: 6 | H18: 36-60 years | I18: Male | J18: Secondray | K18: Government Employee | L18: 500,000-1,000,000 | M18: Daughter | N18: > 5 years | O18: Occupied by Owner | P18: Bungalow | Q18: Iron Sheets | R18: Bricks | S18: Cemented | T18: Household Connetion | U18: Not Shared | V18: Unpaved | W18: =2.88*3 -> 8.64 | X18: 0 | Y18: 0 | Z18: =(1.3088-0.125)*3 -> 3.5514 | AA18: =(0.339-0.125)*3 -> 0.642 | AB18: =1.086-0.33 -> 0.756 | AC18: =(0.155-0.125)*3 -> 0.09 | AD18: 0 | AE18: =0.164-0.125 -> 0.039 | AF18: 0 | AG18: 13.7184 | AH18: =AG18/7 -> 1.9597714 | AI18: =AH18/G18 -> 0.32662857 | AJ18: 20 | AK18: 0.686
A19: =A18+1 -> 15 | B19: Household_21 | C19: Nakawa | D19: Bukoto 1 | E19: Ssemwogerere | F19: Middle-Income | G19: 2 | H19: 36-60 years | I19: Female | J19: Tertiary | K19: Government Employee | L19: 500,000-1,0000,000 | M19: Daughter | N19: 1-3 years | O19: Rented | P19: Bungalow | Q19: Iron Sheets | R19: Bricks | S19: Cemented | T19: Yard Tap | U19: Shared | V19: Unpaved | W19: 7.61 | X19: 0 | Y19: 0 | Z19: 0 | AA19: 0.005 | AB19: 0.21 | AC19: 0.194 | AD19: 0 | AE19: 0 | AF19: 0 | AG19: 8.019 | AH19: =AG19/7 -> 1.1455714 | AI19: =AH19/G19 -> 0.57278571 | AJ19: 10 | AK19: 0.802
A20: =A19+1 -> 16 | B20: Household_22 | C20: Nakawa | D20: Bukoto 1 | E20: Ssemwogerere | F20: Middle-Income | G20: 4 | H20: > 60 years | I20: Female | J20: Tertiary | K20: Retired | L20: 500,000-1,000,000 | M20: Household Head | N20: > 5 years | O20: Occupied by Owner | P20: Bungalow | Q20: Iron Sheets | R20: Bricks | S20: Tiles | T20: Household Connetion | U20: Not Shared | V20: Unpaved | W20: 20.6 | X20: 0 | Y20: 0 | Z20: 0 | AA20: 0 | AB20: =0.527-0.125 -> 0.402 | AC20: =0.265-0.125 -> 0.14 | AD20: 0 | AE20: 0 | AF20: 1.48 | AG20: 22.622 | AH20: =AG20/7 -> 3.2317143 | AI20: =AH20/G20 -> 0.80792857 | AJ20: 50 | AK20: 0.452
A21: =A20+1 -> 17 | B21: Household_23 | C21: Nakawa | D21: Bukoto 1 | E21: Ssemwogerere | F21: Middle-Income | G21: 2 | H21: 18-35 years | I21: Male | J21: Secondray | K21: Business | L21: 500,000-1,000,000 | M21: Household Head | N21: 1-3 years | O21: Rented | P21: Bungalow | Q21: Iron Sheets | R21: Bricks | S21: Tiles | T21: Yard Tap | U21: Shared | V21: Unpaved | W21: 7 | X21: 0 | Y21: 0 | Z21: 0 | AA21: 0 | AB21: 0 | AC21: =0.251+0.066-0.125 -> 0.192 | AD21: 0.193 | AE21: 0.089 | AF21: 0 | AG21: 7.474 | AH21: =AG21/7 -> 1.0677143 | AI21: =AH21/G21 -> 0.53385714 | AJ21: 10 | AK21: 0.747
A22: =A21+1 -> 18 | B22: Household_25 | C22: Nakawa | D22: Bukoto 1 | E22: Ssemwogerere | F22: Middle-Income | G22: 3 | H22: 36-60 years | I22: Male | J22: Secondray | K22: Business | L22: 500,000-1,000,000 | M22: Spouse | N22: > 5 years | O22: Occupied by Owner | P22: Bungalow | Q22: Iron Sheets | R22: Bricks | S22: Tiles | T22: Household Connetion | U22: Not Shared | V22: Unpaved | W22: =0.577-0.125+4.32+0.2 -> 4.972 | X22: 0 | Y22: 0 | Z22: 0.34 | AA22: 0 | AB22: 0.22 | AC22: =0.44-0.125 -> 0.315 | AD22: 0.218 | AE22: 0 | AF22: 0 | AG22: =SUM(W22:AF22) -> 6.065 | AH22: =AG22/7 -> 0.86642857 | AI22: =AH22/G22 -> 0.28880952 | AJ22: 12 | AK22: =AG22/AJ22 -> 0.50541667
A23: =A22+1 -> 19 | B23: Household_26 | C23: Nakawa | D23: Bukoto 1 | E23: Mukalazi | F23: Middle-Income | G23: 2 | H23: 36-60 years | I23: Male | J23: Secondray | K23: Private Employee | L23: 500,000-1,000,000 | M23: Spouse | N23: less than ayear | O23: Rented | P23: Bungalow | Q23: Iron Sheets | R23: Bricks | S23: Cemented | T23: Yard Tap | U23: Shared | V23: Unpaved | W23: 3.57 | X23: 0 | Y23: 0 | Z23: 0 | AA23: =0.202-0.125 -> 0.077 | AB23: =0.415-0.125 -> 0.29 | AC23: 0.195 | AD23: 0 | AE23: 0.177 | AF23: 2.64 | AG23: 3.379 | AH23: =AG23/7 -> 0.48271429 | AI23: =AH23/G23 -> 0.24135714 | AJ23: 6 | AK23: 0.563
A24: =A23+1 -> 20 | B24: Household_29 | C24: Nakawa | D24: Bukoto 1 | E24: Mukalazi | F24: Middle-Income | G24: 1 | H24: 18-35 years | I24: Female | J24: Tertiary | K24: Private Employee | L24: 500,000-1,000,000 | M24: Household Head | N24: > 5 years | O24: Occupied by Owner | P24: Bungalow | Q24: Iron Sheets | R24: Bricks | S24: Tiles | T24: Household Connetion | U24: Not Shared | V24: Unpaved | W24: =0.577-0.125+4.32 -> 4.772 | X24: 0 | Y24: 0 | Z24: 0 | AA24: 0 | AB24: 0.16 | AC24: =0.44-0.125 -> 0.315 | AD24: 0 | AE24: 0 | AF24: 0 | AG24: 5.247 | AH24: =AG24/7 -> 0.74957143 | AI24: =AH24/G24 -> 0.74957143 | AJ24: 8 | AK24: 0.656
A25: =A24+1 -> 21 | B25: Household_30 | C25: Nakawa | D25: Bukoto 1 | E25: Mukalazi | F25: Middle-Income | G25: 6 | H25: 18-35 years | I25: Male | J25: Secondray | K25: Private Employee | L25: 500,000-1,000,000 | M25: Household Head | N25: > 5 years | O25: Rented | P25: Bungalow | Q25: Iron Sheets | R25: Bricks | S25: Tiles | T25: Household Connetion | U25: Not Shared | V25: Unpaved | W25: 6.28 | X25: 0 | Y25: 0 | Z25: 0.137 | AA25: 0.525 | AB25: =0.583-0.125 -> 0.458 | AC25: =0.174+0.097 -> 0.271 | AD25: 0 | AE25: 0.002 | AF25: 0 | AG25: 7.67 | AH25: =AG25/7 -> 1.0957143 | AI25: =AH25/G25 -> 0.18261905 | AJ25: 10 | AK25: 0.767
A26: =A25+1 -> 22 | B26: Household_31 | C26: Nakawa | D26: Bukoto 1 | E26: Mukalazi | F26: Middle-Income | G26: 2 | H26: 18-35 years | I26: Male | J26: Tertiary | K26: Business | L26: 500,000-1,000,000 | M26: Household Head | N26: > 5 years | O26: Occupied by Owner | P26: Bungalow | Q26: Iron Sheets | R26: Bricks | S26: Cemented | T26: Yard Tap | U26: Shared | V26: Unpaved | W26: 5.22 | X26: 0 | Y26: 0 | Z26: =0.381-0.125 -> 0.256 | AA26: =0.305-0.125 -> 0.18 | AB26: =1.224-0.33 -> 0.894 | AC26: =0.182 -> 0.182 | AD26: 0 | AE26: =0.138-0.125 -> 0.013 | AF26: 1.66 | AG26: 8.41 | AH26: =AG26/7 -> 1.2014286 | AI26: =AH26/G26 -> 0.60071429 | AJ26: 10 | AK26: 0.841
A27: =A26+1 -> 23 | B27: Household_32 | C27: Nakawa | D27: Bukoto 1 | E27: Mukalazi | F27: Middle-Income | G27: 6 | H27: 18-35 years | I27: Male | J27: Primary | K27: Government Employee | L27: 500,000-1,000,000 | M27: Daughter | N27: 1-3 years | O27: Rented | P27: Bungalow | Q27: Iron Sheets | R27: Bricks | S27: Tiles | T27: Household Connetion | U27: Not Shared | V27: Unpaved | W27: 4.48 | X27: 0 | Y27: 0 | Z27: 0 | AA27: =0.614-0.33 -> 0.284 | AB27: 0.295 | AC27: 0 | AD27: 0 | AE27: 0.145 | AF27: =0.788-0.33 -> 0.458 | AG27: 5.662 | AH27: =AG27/7 -> 0.80885714 | AI27: =AH27/G27 -> 0.13480952 | AJ27: 8 | AK27: 0.708
A28: =A27+1 -> 24 | B28: Household_33 | C28: Nakawa | D28: Bukoto 1 | E28: Mukalazi | F28: Middle-Income | G28: 3 | H28: 18-35 years | I28: Female | J28: Secondray | K28: Busness | L28: 500,000-1,000-000 | M28: Household Head | N28: > 5 years | O28: Rented | P28: Bungalow | Q28: Iron Sheets | R28: Bricks | S28: Cemented | T28: Yard Tap | U28: Shared | V28: Unpaved | W28: 4.52 | X28: 0 | Y28: 0 | Z28: 0 | AA28: 0.35 | AB28: 0.364 | AC28: 0.154 | AD28: 0 | AE28: 0 | AF28: 1.03 | AG28: 6.42 | AH28: =AG28/7 -> 0.91714286 | AI28: =AH28/G28 -> 0.30571429 | AJ28: 10 | AK28: 0.642
A29: =A28+1 -> 25 | B29: Household_34 | C29: Nakawa | D29: Bukoto 1 | E29: Mukalazi | F29: Middle-Income | G29: 2 | H29: 18-35 years | I29: Male | J29: Secondray | K29: Business | L29: 500,000-1,000,000 | M29: Household Head | N29: 1-3 years | O29: Rented | P29: Bungalow | Q29: Iron Sheets | R29: Bricks | S29: Cemented | T29: Yard Tap | U29: Shared | V29: Unpaved | W29: 2 | X29: 0 | Y29: 0 | Z29: 0 | AA29: =0.439-0.125 -> 0.314 | AB29: 0.191 | AC29: 0.183 | AD29: 0 | AE29: 0 | AF29: 0 | AG29: 2.688 | AH29: =AG29/7 -> 0.384 | AI29: =AH29/G29 -> 0.192 | AJ29: 4 | AK29: 0.672
A30: =A29+1 -> 26 | B30: Household_35 | C30: Nakawa | D30: Bukoto 1 | E30: Mukalazi | F30: Middle-Income | G30: 1 | H30: 18-35 years | I30: Female | J30: Secondray | K30: Busness | L30: 500,000-1,00,000 | M30: Household Head | N30: less than ayear | O30: 0 | P30: Bungalow | Q30: Iron Sheets | R30: Bricks | S30: Cemented | T30: Yard Tap | U30: Shared | V30: Unpaved | W30: 3.89 | X30: 0 | Y30: 0 | Z30: 0 | AA30: =0.506-0.125 -> 0.381 | AB30: =0.414-0.125 -> 0.289 | AC30: =0.399-0.125 -> 0.274 | AD30: 0 | AE30: 0 | AF30: 0.53 | AG30: 4.834 | AH30: =AG30/7 -> 0.69057143 | AI30: =AH30/G30 -> 0.69057143 | AJ30: 6 | AK30: 0.806
A31: =A30+1 -> 27 | B31: Household_36 | C31: Nakawa | D31: Bukoto 1 | E31: Mukalazi | F31: Middle-Income | G31: 2 | H31: 36-60 years | I31: Male | J31: Secondray | K31: Private Employee | L31: 500,000-1,000,000 | M31: Household Head | N31: > 5 years | O31: Rented | P31: Bungalow | Q31: Iron Sheets | R31: Bricks | S31: Cemented | T31: Yard Tap | U31: Not Shared | V31: Unpaved | W31: 0.775 | X31: 0 | Y31: 0 | Z31: 0.238 | AA31: 0.332 | AB31: 0.489 | AC31: 0.333 | AD31: 0 | AE31: 0.165 | AF31: 0.189 | AG31: 2.521 | AH31: =AG31/7 -> 0.36014286 | AI31: =AH31/G31 -> 0.18007143 | AJ31: 4 | AK31: 0.63
A32: =A31+1 -> 28 | B32: Household_37 | C32: Nakawa | D32: Bukoto 1 | E32: Mukalazi | F32: Middle-Income | G32: 6 | H32: 36-60 years | I32: Male | J32: Tertiary | K32: Private Employee | L32: 500,000-1,000,000 | M32: Son | N32: > 5 years | O32: Occupied by Owner | P32: Bungalow | Q32: Iron Sheets | R32: Bricks | S32: Tiles | T32: Household Connetion | U32: Shared | V32: Unpaved | W32: 16.12 | X32: 0 | Y32: 0 | Z32: 0 | AA32: 0.319 | AB32: 0.561 | AC32: 0.599 | AD32: 0 | AE32: 0.142 | AF32: 0.757 | AG32: 18.498 | AH32: =AG32/7 -> 2.6425714 | AI32: =AH32/G32 -> 0.44042857 | AJ32: 54 | AK32: 0.343
A33: =A32+1 -> 29 | B33: Household_39 | C33: Nakawa | D33: Bukoto 1 | E33: Mukalazi | F33: Middle-Income | G33: 3 | H33: 18-35 years | I33: Male | J33: Tertiary | K33: Private Employee | L33: 500,000-1,000,000 | M33: Household Head | N33: 1-3 years | O33: Rented | P33: Bungalow | Q33: Iron Sheets | R33: Bricks | S33: Tiles | T33: Household Connetion | U33: Not Shared | V33: Unpaved | W33: 10.34 | X33: 0 | Y33: 0 | Z33: 0 | AA33: 0.384 | AB33: 0.348 | AC33: 0.388 | AD33: 0 | AE33: 0 | AF33: 1.129 | AG33: =SUM(W33:AF33) -> 12.589 | AH33: =AG33/7 -> 1.7984286 | AI33: =AH33/G33 -> 0.59947619 | AJ33: 32 | AK33: =AG33/AJ33 -> 0.39340625
A34: =A33+1 -> 30 | B34: Household_41 | C34: Nakawa | D34: Bukoto 1 | E34: Mukalazi | F34: Middle-Income | G34: 6 | H34: 18-35 years | I34: Male | J34: Tertiary | K34: Private Employee | L34: 500,000-1,000,000 | M34: Spouse | N34: 1-3 years | O34: Rented | P34: Bungalow | Q34: Iron Sheets | R34: Bricks | S34: Tiles | T34: Household Connetion | U34: Not Shared | V34: Unpaved | W34: 11.34 | X34: 0 | Y34: 0 | Z34: 0.013 | AA34: 0.294 | AB34: 0.634 | AC34: 0.627 | AD34: 0 | AE34: 0 | AF34: 0 | AG34: =SUM(W34:AF34) -> 12.908 | AH34: =AG34/7 -> 1.844 | AI34: =AH34/G34 -> 0.30733333 | AJ34: 36 | AK34: =AG34/AJ34 -> 0.35855556
A35: =A34+1 -> 31 | B35: Household_42 | C35: Nakawa | D35: Bukoto 1 | E35: Mukalazi | F35: Middle-Income | G35: 7 | H35: > 60 years | I35: Female | J35: IIIiterate | K35: Business | L35: 500,000-1,000,000 | M35: Household Head | N35: > 5 years | O35: Occupied by Owner | P35: Bungalow | Q35: Iron Sheets | R35: Bricks | S35: Cemented | T35: Public Standpipe | U35: Shared | V35: Unpaved | W35: 22.38 | X35: 0 | Y35: 0.23 | Z35: 0 | AA35: 0.691 | AB35: 0.579 | AC35: 0.345 | AD35: 0.37 | AE35: 0 | AF35: 2.78 | AG35: 27.375 | AH35: =AG35/7 -> 3.9107143 | AI35: =AH35/G35 -> 0.55867347 | AJ35: 64 | AK35: 0.428
A36: =A35+1 -> 32 | B36: Household_43 | C36: Nakawa | D36: Bukoto 1 | E36: Mukalazi | F36: Middle-Income | G36: 8 | H36: 36-60 years | I36: Male | J36: Tertiary | K36: Business | L36: 500,000-1,000,000 | M36: Son | N36: > 5 years | O36: Rented | P36: Bungalow | Q36: Iron Sheets | R36: Bricks | S36: Tiles | T36: Household Connetion | U36: Not Shared | V36: Unpaved | W36: =16.2+7.34 -> 23.54 | X36: 0 | Y36: 0 | Z36: 0 | AA36: 0.678 | AB36: 0.412 | AC36: 0.234 | AD36: 0 | AE36: 0 | AF36: 1.68 | AG36: 26.544 | AH36: =AG36/7 -> 3.792 | AI36: =AH36/G36 -> 0.474 | AJ36: 60 | AK36: 0.442
F38: Avearge Household size | G38: =AVERAGE(G5:G36) -> 3.65625 | U38: =SUM(W38:AF38) -> 428.9604 | V38: SUM | W38: =SUM(W5:W36) -> 351.41 | X38: =SUM(X5:X36) -> 10.215 | Y38: =SUM(Y5:Y36) -> 0.33 | Z38: =SUM(Z5:Z36) -> 7.5454 | AA38: =SUM(AA5:AA36) -> 11.145 | AB38: =SUM(AB5:AB36) -> 13.441 | AC38: =SUM(AC5:AC36) -> 7.745 | AD38: =SUM(AD5:AD36) -> 1.101 | ... AF38: =SUM(AF5:AF36) -> 25.161 | AI38: =AVERAGE(AI6:AI38) -> 0.53161747 | AJ38: =AVERAGE(AJ5:AJ36) -> 31.4375 | AK38: =AVERAGE(AK5:AK36) -> 0.57128683
U39: =SUM(W39:AF39) -> 1 | V39: PERCENTAGE | W39: =W38/U38 -> 0.81921315 | X39: =X38/U38 -> 0.023813387 | Y39: =Y38/U38 -> 0.00076930178 | Z39: =Z38/U38 -> 0.017589969 | AA39: =AA38/U38 -> 0.025981419 | AB39: =AB38/U38 -> 0.031333895 | AC39: =AC38/U38 -> 0.01805528 | AD39: =AD38/U38 -> 0.0025666705 | AE39: =AE38/U38 -> 0.0020211656 | AF39: =AF38/U38 -> 0.058655764
V40: AVERAGE

Sheet Ggaba
A1: Solid waste Characterisation in Selected Households in Ggaba
B2: For Ggaba, the number of households that were required were 32. Bin bags were supplied to 40 households between 19th February and 1st Match, 32 households complied and the data collected using the survey questionaires for the 32 households is shown in the table below.
A3: No. | B3: Household ID | C3: Division | D3: Parish | E3: Zone | F3: Socio-economic factors (from proposal) | K3: Other household charactristics investigated | O3: Housing facilities | W3: Amount of olid waste collected over 7days (kg) | AG3: Total waste generated(kg) | AH3: Generation per day (kg/day) | AI3: Per Capita Generation (kg/day) | AJ3: Volume(L) | AK3: Density (kg/L)
F4: Income level | G4: Number of occupants | H4: Age of Household head | I4: Gender of Household head | J4: Education level of Household head | K4: Profession of Household head | L4: Monthly income | M4: Respondent | N4: Period of Stay in the area | O4: Type of occupancy | P4: Quality of Housing | Q4: Roof material | R4: Wall material | S4: Floor Material | T4: Access to clean Water | U4: Sanitation Facilities | V4: Condition of access road | W4: Food Waste | X4: Garden and Yard wastes | Y4: Wood | Z4: Textiles | AA4: Paper and pulp | AB4: Polythene Bags | AC4: Plastics and Rubber | AD4: Glass | AE4: Metals | AF4: Others
A5: =1 -> 1 | B5: Household_1 | C5: Makindye Division | D5: Ggaba | E5: Nsubuga Godioz | F5: High-Income | G5: 6 | H5: >60 years | I5: Male | J5: Tertairy | K5: Business | L5: >3,000,000 | M5: Spouse | N5: > 5 years | O5: Occupied by owner | P5: Story Building | Q5: Tiles | R5: Bricks | S5: Tiles | T5: House Connection | U5: Not Shared Faciltiies | V5: Paved | W5: =21.2+21 -> 42.2 | X5: 0 | Y5: 0 | Z5: 0.153 | AA5: 0.586 | AB5: 0.668 | AC5: 1.03 | AD5: 0 | AE5: 0.963 | AF5: 4.38 | AG5: =SUM(W5:AF5) -> 49.98 | AH5: =AG5/7 -> 7.14 | AI5: =AH5/G5 -> 1.19 | AJ5: 160 | AK5: =AG5/AJ5 -> 0.312375
A6: =A5+1 -> 2 | B6: Household_3 | C6: Makindye Division | D6: Ggaba | E6: Nsubuga Godioz | F6: High-Income | G6: 9 | H6: 18-35 years | I6: Female | J6: Tertairy | K6: Government Employee | L6: 1,000,000-3,000,000 | M6: Household Head | N6: > 5 years | O6: Occupied by owner | P6: Story Building | Q6: Tiles | R6: Bricks | S6: Tiles | T6: House Connection | U6: Not Shared Faciltiies | V6: Paved | W6: =18.5+18.48 -> 36.98 | X6: 2.4 | Y6: 0 | Z6: 0.167 | AA6: 0.345 | AB6: 0.543 | AC6: 0.879 | AD6: 0 | AE6: 0 | AF6: 5.67 | AG6: =SUM(W6:AF6) -> 46.984 | AH6: =AG6/7 -> 6.712 | AI6: =AH6/G6 -> 0.74577778 | AJ6: 150 | AK6: =AG6/AJ6 -> 0.31322667
A7: =A6+1 -> 3 | B7: Household_4 | C7: Makindye Division | D7: Ggaba | E7: Nsubuga Godioz | F7: High-Income | G7: 8 | H7: >60 years | I7: Male | J7: Tertairy | K7: Private Employee | L7: >3,000,000 | M7: Household Head | N7: > 5 years | O7: Occupied by owner | P7: Story Building | Q7: Tiles | R7: Concrete Blocks | S7: Tiles | T7: House Connection | U7: Not Shared Faciltiies | V7: Paved | W7: 18.62 | X7: 0.534 | Y7: 0 | Z7: 0 | AA7: 0.523 | AB7: 0.782 | AC7: 0.946 | AD7: 0 | AE7: 0.834 | AF7: 0.261 | AG7: =SUM(W7:AF7) -> 22.5 | AH7: =AG7/7 -> 3.2142857 | AI7: =AH7/G7 -> 0.40178571 | AJ7: 80 | AK7: =AG7/AJ7 -> 0.28125
A8: =A7+1 -> 4 | B8: Household_5 | C8: Makindye Division | D8: Ggaba | E8: Nsubuga Godioz | F8: High-Income | G8: 2 | H8: >60 years | I8: Male | J8: Tertairy | K8: Retired | L8: 1,000,000-3,000,000 | M8: Household Head | N8: > 5 years | O8: Occupied by owner | P8: Story Building | Q8: Tiles | R8: Bricks | S8: Tiles | T8: House Connection | U8: Not Shared Faciltiies | V8: Paved | W8: 4.32 | X8: 6.12 | Y8: 0 | Z8: 0 | AA8: 0.128 | AB8: 0.45 | AC8: 0.54 | AD8: 0 | AE8: 0 | AF8: 0 | AG8: =SUM(W8:AF8) -> 11.558 | AH8: =AG8/7 -> 1.6511429 | AI8: =AH8/G8 -> 0.82557143 | AJ8: 36 | AK8: =AG8/AJ8 -> 0.32105556
A9: =A8+1 -> 5 | B9: Household_6 | C9: Makindye Division | D9: Ggaba | E9: Nsubuga Godioz | F9: High-Income | G9: 4 | H9: 36-60 years | I9: Male | J9: Tertairy | K9: Private Employee | L9: 1,000,000-3,000,000 | M9: Household Head | N9: > 5 years | O9: Occupied by owner | P9: Bungalow | Q9: Cemented | R9: Bricks | S9: Tiles | T9: House Connection | U9: Not Shared Faciltiies | V9: Paved | W9: 16.28 | X9: 0 | Y9: 0 | Z9: 0 | AA9: 0 | AB9: 0.345 | AC9: 0.563 | AD9: 0 | AE9: 0.696 | AF9: 3.216 | AG9: =SUM(W9:AF9) -> 21.1 | AH9: =AG9/7 -> 3.0142857 | AI9: =AH9/G9 -> 0.75357143 | AJ9: 68 | AK9: =AG9/AJ9 -> 0.31029412
A10: =A9+1 -> 6 | B10: Household_7 | C10: Makindye Division | D10: Ggaba | E10: Nsubuga Godioz | F10: High-Income | G10: 6 | H10: 36-60 years | I10: Male | J10: Tertairy | K10: Government Employee | L10: >3,000,000 | M10: Household Head | N10: > 5 years | O10: Occupied by owner | P10: Bungalow | Q10: Tiles | R10: Bricks | S10: Tiles | T10: House Connection | U10: Not Shared Faciltiies | V10: Paved | W10: 42 | X10: 5.784 | Y10: 0 | Z10: 0.216 | AA10: 0.835 | AB10: 2.452 | AC10: 2.675 | AD10: 0 | AE10: 2..674 | AF10: 6.12 | AG10: =SUM(W10:AF10) -> 60.082 | AH10: =AG10/7 -> 8.5831429 | AI10: =AH10/G10 -> 1.4305238 | AJ10: 200 | AK10: =AG10/AJ10 -> 0.30041
A11: =A10+1 -> 7 | B11: Household_8 | C11: Makindye Division | D11: Ggaba | E11: Nsubuga Godioz | F11: High-Income | G11: 7 | H11: 36-60 years | I11: Male | J11: Tertairy | K11: Government Employee | L11: >3,000,000 | M11: Spouse | N11: > 5 years | O11: Occupied by owner | P11: Story Building | Q11: Tiles | R11: Bricks | S11: Tiles | T11: House Connection | U11: Not Shared Faciltiies | V11: Paved | W11: 46.34 | X11: 4.284 | Y11: 0 | Z11: 0.346 | AA11: 0.785 | AB11: 1.552 | AC11: 0.806 | AD11: 0 | AE11: 0 | AF11: 0 | AG11: =SUM(W11:AF11) -> 54.113 | AH11: =AG11/7 -> 7.7304286 | AI11: =AH11/G11 -> 1.1043469 | AJ11: 186 | AK11: =AG11/AJ11 -> 0.29093011
A12: =A11+1 -> 8 | B12: Household_9 | C12: Makindye Division | D12: Ggaba | E12: Nsubuga Godioz | F12: High-Income | G12: 3 | H12: 18-35 years | I12: Male | J12: Tertairy | K12: Private Employee | L12: 1,000,000-3,000,000 | M12: Household Head | N12: > 5 years | O12: Occupied by owner | P12: Story Building | Q12: Tiles | R12: Bricks | S12: Tiles | T12: House Connection | U12: Not Shared Faciltiies | V12: Paved | W12: 8.366 | X12: 2.56 | Y12: 0 | Z12: 0.17 | AA12: 0.38 | AB12: 0.51 | AC12: 0.42 | AD12: 0 | AE12: 0 | AF12: 0 | AG12: =SUM(W12:AF12) -> 12.406 | AH12: =AG12/7 -> 1.7722857 | AI12: =AH12/G12 -> 0.5907619 | AJ12: 24 | AK12: =AG12/AJ12 -> 0.51691667
A13: =A12+1 -> 9 | B13: Household_10 | C13: Makindye Division | D13: Ggaba | E13: Nsubuga Godioz | F13: High-Income | G13: 3 | H13: >60 years | I13: Male | J13: Tertairy | K13: Private Employee | L13: >3,000,000 | M13: Household Head | N13: > 5 years | O13: Occupied by owner | P13: Story Building | Q13: Tiles | R13: Bricks | S13: Tiles | T13: House Connection | U13: Not Shared Faciltiies | V13: Unpaved | W13: 20.46 | X13: 0.565 | Y13: 0 | Z13: 0 | AA13: 0.327 | AB13: 0.509 | AC13: 0.873 | AD13: 0 | AE13: 0 | AF13: 2.03 | AG13: =SUM(W13:AF13) -> 24.764 | AH13: =AG13/7 -> 3.5377143 | AI13: =AH13/G13 -> 1.1792381 | AJ13: 74 | AK13: =AG13/AJ13 -> 0.33464865
A14: =A13+1 -> 10 | B14: Household_11 | C14: Makindye Division | D14: Ggaba | E14: Nsubuga Godioz | F14: High-Income | G14: 5 | H14: 36-60 years | I14: Male | J14: Tertairy | K14: Government Employee | L14: >3,000,000 | M14: Household Head | N14: > 5 years | O14: Rented | P14: Story Building | Q14: Tiles | R14: Bricks | S14: Tiles | T14: House Connection | U14: Not Shared Faciltiies | V14: Paved | W14: 53.52 | X14: 6.342 | Y14: 0 | Z14: 0.234 | AA14: 0.476 | AB14: 1.673 | AC14: 2.346 | AD14: 0 | AE14: 1.095 | AF14: 2.345 | AG14: =SUM(W14:AF14) -> 68.031 | AH14: =AG14/7 -> 9.7187143 | AI14: =AH14/G14 -> 1.9437429 | AJ14: 224 | AK14: =AG14/AJ14 -> 0.30370982
A15: =A14+1 -> 11 | B15: Household_12 | C15: Makindye Division | D15: Ggaba | E15: Nsubuga Godioz | F15: High-Income | G15: 4 | H15: 36-60 years | I15: Male | J15: Tertairy | K15: Government Employee | L15: >3,000,000 | M15: Household Head | N15: > 5 years | O15: Rented | P15: Story Building | Q15: Tiles | R15: Bricks | S15: Tiles | T15: House Connection | U15: Not Shared Faciltiies | V15: Paved | W15: 42.62 | X15: 3.392 | Y15: 0 | Z15: 0.434 | AA15: 0.696 | AB15: 1.873 | AC15: 1.38 | AD15: 0 | AE15: 0 | AF15: 1.348 | AG15: =SUM(W15:AF15) -> 51.743 | AH15: =AG15/7 -> 7.3918571 | AI15: =AH15/G15 -> 1.8479643 | AJ15: 174 | AK15: =AG15/AJ15 -> 0.29737356
A16: =A15+1 -> 12 | B16: Household_13 | C16: Makindye Division | D16: Ggaba | E16: Nsubuga Godioz | F16: High-Income | G16: 7 | H16: 36-60 years | I16: Male | J16: Tertairy | K16: Private Employee | L16: >3,000,000 | M16: Household Head | N16: 3-5 years | O16: Rented | P16: Story Building | Q16: Tiles | R16: Bricks | S16: Tiles | T16: House Connection | U16: Not Shared Faciltiies | V16: Paved | W16: 33.5 | X16: 0 | Y16: 0 | Z16: 0.289 | AA16: 0.128 | AB16: 0.543 | AC16: 0.326 | AD16: 0 | AE16: 0 | AF16: 6.08 | AG16: =SUM(W16:AF16) -> 40.866 | AH16: =AG16/7 -> 5.838 | AI16: =AH16/G16 -> 0.834 | AJ16: 110 | AK16: =AG16/AJ16 -> 0.37150909
A17: =A16+1 -> 13 | B17: Household_15 | C17: Makindye Division | D17: Ggaba | E17: Nsubuga Godioz | F17: High-Income | G17: 3 | H17: >60 years | I17: Male | J17: Tertairy | K17: Private Employee | L17: >3,000,000 | M17: Household Head | N17: > 5 years | O17: Occupied by owner | P17: Story Building | Q17: Tiles | R17: Bricks | S17: Tiles | T17: House Connection | U17: Not Shared Faciltiies | V17: Paved | W17: 9.68 | X17: 0 | Y17: 0 | Z17: 0 | AA17: 0.32 | AB17: 0.372 | AC17: 0.429 | AD17: 0 | AE17: 0 | AF17: 3.94 | AG17: =SUM(W17:AF17) -> 14.741 | AH17: =AG17/7 -> 2.1058571 | AI17: =AH17/3 -> 0.70195238 | AJ17: 54 | AK17: =AG17/AJ17 -> 0.27298148
A18: =A17+1 -> 14 | B18: Household_16 | C18: Makindye Division | D18: Ggaba | E18: Nsubuga Godioz | F18: High-Income | G18: 8 | H18: >60 years | I18: Male | J18: Tertairy | K18: Private Employee | L18: >3,000,000 | M18: Spouse | N18: > 5 years | O18: Occupied by owner | P18: Bungalow | Q18: Tiles | R18: Bricks | S18: Tiles | T18: House Connection | U18: Not Shared Faciltiies | V18: Unpaved | W18: 21.342 | X18: 0 | Y18: 0 | Z18: 0 | AA18: =0.908+0.643 -> 1.551 | AB18: 1.813 | AC18: =1.14+0.149 -> 1.289 | AD18: =0.205 -> 0.205 | AE18: 0.123 | AF18: 0 | AG18: =SUM(W18:AF18) -> 26.323 | AH18: =AG18/7 -> 3.7604286 | AI18: =AH18/8 -> 0.47005357 | AJ18: 80 | AK18: =AG18/AJ18 -> 0.3290375
A19: =A18+1 -> 15 | B19: Household_17 | C19: Makindye Division | D19: Ggaba | E19: Nsubuga Godioz | F19: High-Income | G19: 12 | H19: 36-60 years | I19: Male | J19: Secondary | K19: Business | L19: >3,000,000 | M19: Household Head | N19: > 5 years | O19: Occupied by owner | P19: Story Building | Q19: Tiles | R19: Bricks | S19: Tiles | T19: House Connection | U19: Not Shared Faciltiies | V19: Paved | W19: =16.8+2.32 -> 19.12 | X19: 7.26 | Y19: 0 | Z19: 0.55 | AA19: 0.567 | AB19: 0.923 | AC19: 2.125 | AD19: 0 | AE19: 0 | AF19: 3.12 | AG19: =SUM(W19:AF19) -> 33.665 | AH19: =AG19/7 -> 4.8092857 | AI19: =AH19/12 -> 0.40077381 | AJ19: 100 | AK19: =AG19/AJ19 -> 0.33665
A20: =A19+1 -> 16 | B20: Household_19 | C20: Makindye Division | D20: Ggaba | E20: Nsubuga Godioz | F20: High-Income | G20: 4 | H20: 36-60 years | I20: Male | J20: Tertairy | K20: Private Employee | L20: 1,000,000-3,000,000 | M20: Household Head | N20: > 5 years | O20: Occupied by owner | P20: Story Building | Q20: Tiles | R20: Bricks | S20: Tiles | T20: House Connection | U20: Not Shared Faciltiies | V20: Paved | W20: =16+16.19 -> 32.19 | X20: 0 | Y20: 0 | Z20: 0 | AA20: 0.587 | AB20: 0.82 | AC20: 0.963 | AD20: 0 | AE20: 0 | AF20: 0 | AG20: =SUM(W20:AF20) -> 34.56 | AH20: =AG20/7 -> 4.9371429 | AI20: =AH20/G20 -> 1.2342857 | AJ20: 112 | AK20: =AG20/AJ20 -> 0.30857143
A21: =A20+1 -> 17 | B21: Household_20 | C21: Makindye Division | D21: Ggaba | E21: Nsubuga Godioz | F21: High-Income | G21: 7 | H21: >60 years | I21: Male | J21: Tertairy | K21: Retired | L21: 1,000,000-3,000,000 | M21: Household Head | N21: > 5 years | O21: Occupied by owner | P21: Bungalow | Q21: Tiles | R21: Bricks | S21: Tiles | T21: House Connection | U21: Not Shared Faciltiies | V21: Paved | W21: =37.58+16.3 -> 53.88 | X21: 8.03 | Y21: 0 | Z21: 0 | AA21: 0.925 | AB21: 0.7586 | AC21: 1.043 | AD21: 0 | AE21: 0 | AF21: 4.07 | AG21: =SUM(W21:AF21) -> 68.7066 | AH21: =AG21/7 -> 9.8152286 | AI21: =AH21/G21 -> 1.4021755 | AJ21: 244 | AK21: =AG21/AJ21 -> 0.28158443
A22: =A21+1 -> 18 | B22: Household_21 | C22: Makindye Division | D22: Ggaba | E22: Nsubuga Godioz | F22: High-Income | G22: 5 | H22: >60 years | I22: Male | J22: Tertairy | K22: Retired | L22: 1,000,000-3,000,000 | M22: Spouse | N22: > 5 years | O22: Occupied by owner | P22: Bungalow | Q22: Tiles | R22: Bricks | S22: Tiles | T22: House Connection | U22: Not Shared Faciltiies | V22: Paved | W22: 5.89 | X22: 4.76 | Y22: 0.8 | Z22: 0 | AA22: 0.29 | AB22: 0.45 | AC22: 0.54 | AD22: 0 | AE22: 0 | AF22: 0 | AG22: =SUM(W22:AF22) -> 12.73 | AH22: =AG22/7 -> 1.8185714 | AI22: =AH22/G22 -> 0.36371429 | AJ22: 34 | AK22: =AG22/AJ22 -> 0.37441176
A23: =A22+1 -> 19 | B23: Household_22 | C23: Makindye Division | D23: Ggaba | E23: Nsubuga Godioz | F23: High-Income | G23: 3 | H23: >60 years | I23: Female | J23: Tertairy | K23: Retired | L23: 1,000,000-3,000,000 | M23: Household Head | N23: > 5 years | O23: Occupied by owner | P23: Story Building | Q23: Tiles | R23: Bricks | S23: Tiles | T23: House Connection | U23: Not Shared Faciltiies | V23: Paved | W23: =10+16.18 -> 26.18 | X23: 0 | Y23: 0 | Z23: 0 | AA23: 0.237 | AB23: 0.72 | AC23: 0.763 | AD23: 0 | AE23: 0 | AF23: 0 | AG23: =SUM(W23:AF23) -> 27.9 | AH23: =AG23/7 -> 3.9857143 | AI23: =AH23/G23 -> 1.3285714 | AJ23: 84 | AK23: =AG23/AJ23 -> 0.33214286
A24: =A23+1 -> 20 | B24: Household_23 | C24: Makindye Division | D24: Ggaba | E24: Nsubuga Godioz | F24: High-Income | G24: 3 | H24: >60 years | I24: Male | J24: Tertairy | K24: Business | L24: >3,000,000 | M24: Spouse | N24: > 5 years | O24: Occupied by owner | P24: Story Building | Q24: Tiles | R24: Bricks | S24: Tiles | T24: House Connection | U24: Not Shared Faciltiies | V24: Paved | W24: 12.66 | X24: 0 | Y24: 0 | Z24: 0.16 | AA24: 0.69 | AB24: 0.48 | AC24: 0.47 | AD24: 0 | AE24: 0 | AF24: 1.26 | AG24: =SUM(W24:AF24) -> 15.72 | AH24: =AG24/7 -> 2.2457143 | AI24: =AH24/G24 -> 0.74857143 | AJ24: 44 | AK24: =AG24/AJ24 -> 0.35727273
A25: =A24+1 -> 21 | B25: Household_24 | C25: Makindye Division | D25: Ggaba | E25: Nsubuga Godioz | F25: High-Income | G25: 6 | H25: 36-60 years | I25: Male | J25: Tertairy | K25: Government Employee | L25: 1,000,000-3,000,000 | M25: Household Head | N25: > 5 years | O25: Occupied by owner | P25: Story Building | Q25: Tiles | R25: Bricks | S25: Tiles | T25: House Connection | U25: Not Shared Faciltiies | V25: Paved | W25: 34.42 | X25: 6.42 | Y25: 0 | Z25: 0 | AA25: 0.631 | AB25: 0.319 | AC25: 1.173 | AD25: 0 | AE25: 0.408 | AF25: 1.908 | AG25: =SUM(W25:AF25) -> 45.279 | AH25: =AG25/7 -> 6.4684286 | AI25: =AH25/6 -> 1.0780714 | AJ25: 148 | AK25: =AG25/AJ25 -> 0.30593919
A26: =A25+1 -> 22 | B26: Household_25 | C26: Makindye Division | D26: Ggaba | E26: Nsubuga Godioz | F26: High-Income | G26: 3 | H26: >60 years | I26: Male | J26: Tertairy | K26: Business | L26: 1,000,000-3,000,000 | M26: Daughter | N26: > 5 years | O26: Occupied by owner | P26: Bungalow | Q26: Tiles | R26: Bricks | S26: Tiles | T26: House Connection | U26: Not Shared Faciltiies | V26: Paved | W26: 15.62 | X26: 3.7 | Y26: 0 | Z26: 0 | AA26: 0.313 | AB26: 0.497 | AC26: 0.681 | AD26: 0 | AE26: 0 | AF26: 0 | AG26: =SUM(W26:AF26) -> 20.811 | AH26: =AG26/7 -> 2.973 | AI26: =AH26/4 -> 0.74325 | AJ26: 64 | AK26: =AG26/AJ26 -> 0.32517187
A27: =A26+1 -> 23 | B27: Household_26 | C27: Makindye Division | D27: Ggaba | E27: Nsubuga Godioz | F27: High-Income | G27: 7 | H27: 36-60 years | I27: Male | J27: Tertairy | K27: Government Employee | L27: >3,000,000 | M27: Household Head | N27: > 5 years | O27: Occupied by owner | P27: Bungalow | Q27: Tiles | R27: Bricks | S27: Tiles | T27: House Connection | U27: Not Shared Faciltiies | V27: Paved | W27: 37.58 | X27: 8 | Y27: 0 | Z27: 0 | AA27: 2.506 | AB27: 3.14 | AC27: 5.13 | AD27: 0 | AE27: 0.954 | AF27: 7.312 | AG27: =SUM(W27:AF27) -> 64.622 | AH27: =AG27/7 -> 9.2317143 | AI27: =AH27/G27 -> 1.3188163 | AJ27: 220 | AK27: =AG27/AJ27 -> 0.29373636
A28: =A27+1 -> 24 | B28: Household_27 | C28: Makindye Division | D28: Ggaba | E28: Nsubuga Godioz | F28: High-Income | G28: 6 | H28: 36-60 years | I28: Female | J28: Tertairy | K28: Private Employee | L28: >3,000,000 | M28: Household Head | N28: > 5 years | O28: Occupied by owner | P28: Bungalow | Q28: Tiles | R28: Bricks | S28: Tiles | T28: House Connection | U28: Not Shared Faciltiies | V28: Paved | W28: 33.38 | X28: 2.38 | Y28: 0 | Z28: 0.673 | AA28: 0.567 | AB28: 0.881 | AC28: 2.18 | AD28: 0.219 | AE28: 0.714 | AF28: 3.07 | AG28: =SUM(W28:AF28) -> 44.064 | AH28: =AG28/7 -> 6.2948571 | AI28: =AH28/G28 -> 1.0491429 | AJ28: 144 | AK28: =AG28/AJ28 -> 0.306
A29: =A28+1 -> 25 | B29: Household_28 | C29: Makindye Division | D29: Ggaba | E29: Nsubuga Godioz | F29: High-Income | G29: 4 | H29: 36-60 years | I29: Female | J29: Tertairy | K29: Business | L29: 1,000,000-3,000,000 | M29: Daughter | N29: > 5 years | O29: Occupied by owner | P29: Bungalow | Q29: Tiles | R29: Bricks | S29: Tiles | T29: House Connection | U29: Not Shared Faciltiies | V29: Paved | W29: 18.82 | X29: 4.76 | Y29: 0 | Z29: 0 | AA29: 0.213 | AB29: 0.327 | AC29: 0.468 | AD29: 0 | AE29: 0 | AF29: 0 | AG29: =SUM(W29:AF29) -> 24.588 | AH29: =AG29/7 -> 3.5125714 | AI29: =AH29/4 -> 0.87814286 | AJ29: 70 | AK29: =AG29/AJ29 -> 0.35125714
A30: =A29+1 -> 26 | B30: Household_29 | C30: Makindye Division | D30: Ggaba | E30: Nsubuga Godioz | F30: High-Income | G30: 4 | H30: 18-35 years | I30: Female | J30: Tertairy | K30: Private Employee | L30: 1,000,000-3,000,000 | M30: Household Head | N30: > 5 years | O30: Occupied by owner | P30: Story Building | Q30: Tiles | R30: Bricks | S30: Tiles | T30: House Connection | U30: Not Shared Faciltiies | V30: Paved | W30: 20.5 | X30: 2.5 | Y30: 0 | Z30: 0 | AA30: 0 | AB30: 0.5 | AC30: 1.5 | AD30: 0 | AE30: 0 | AF30: 1.05 | AG30: =SUM(W30:AF30) -> 26.05 | AH30: =AG30/7 -> 3.7214286 | AI30: =AH30/G30 -> 0.93035714 | AJ30: 74 | AK30: =AG30/AJ30 -> 0.35202703
A31: =A30+1 -> 27 | B31: Household_30 | C31: Makindye Division | D31: Ggaba | E31: Nsubuga Godioz | F31: High-Income | G31: 5 | H31: 18-35 years | I31: Female | J31: Tertairy | K31: Private Employee | L31: 1,000,000-3,000,000 | M31: Household Head | N31: > 5 years | O31: Occupied by owner | P31: Bungalow | Q31: Tiles | R31: Bricks | S31: Tiles | T31: House Connection | U31: Not Shared Faciltiies | V31: Paved | W31: 28.31 | X31: 3.25 | Y31: 0 | Z31: 0 | AA31: 0 | AB31: 0.703 | AC31: 1.812 | AD31: 0 | AE31: 0 | AF31: 0.346 | AG31: =SUM(W31:AF31) -> 34.421 | AH31: =AG31/7 -> 4.9172857 | AI31: =AH31/G31 -> 0.98345714 | AJ31: 110 | AK31: =AG31/AJ31 -> 0.31291818
A32: =A31+1 -> 28 | B32: Household_31 | C32: Makindye Division | D32: Ggaba | E32: Nsubuga Godioz | F32: High-Income | G32: 5 | H32: 36-60 years | I32: Male | J32: Tertairy | K32: Government Employee | L32: >3,000,000 | M32: Household Head | N32: > 5 years | O32: Rented | P32: Story Building | Q32: Tiles | R32: Bricks | S32: Tiles | T32: House Connection | U32: Not Shared Faciltiies | V32: Paved | W32: 53.52 | X32: 6.342 | Y32: 0 | Z32: 0.234 | AA32: 0.476 | AB32: 1.673 | AC32: 2.346 | AD32: 0 | AE32: 1.095 | AF32: 2.345 | AG32: =SUM(W32:AF32) -> 68.031 | AH32: =AG32/7 -> 9.7187143 | AI32: =AH32/G32 -> 1.9437429 | AJ32: 224 | AK32: =AG32/AJ32 -> 0.30370982
A33: =A32+1 -> 29 | B33: Household_32 | C33: Makindye Division | D33: Ggaba | E33: Nsubuga Godioz | F33: High-Income | G33: 9 | H33: 36-60 years | I33: Male | J33: Tertairy | K33: Government Employee | L33: >3,000,000 | M33: Household Head | N33: > 5 years | O33: Occupied by owner | P33: Story Building | Q33: Tiles | R33: Blocks | S33: Tiles | T33: House Connection | U33: Not Shared Faciltiies | V33: Paved | W33: 40.49 | X33: 7.09 | Y33: 0 | Z33: 0 | AA33: 2.598 | AB33: 2.54 | AC33: 4.83 | AD33: 0 | AE33: 1.203 | AF33: 6.392 | AG33: =SUM(W33:AF33) -> 65.143 | AH33: =AG33/7 -> 9.3061429 | AI33: =AH33/G33 -> 1.0340159 | AJ33: 220 | AK33: =AG33/AJ33 -> 0.29610455
A34: =A33+1 -> 30 | B34: Household_33 | C34: Makindye Division | D34: Ggaba | E34: Nsubuga Godioz | F34: High-Income | G34: 14 | H34: 36-60 years | I34: Male | J34: Tertairy | K34: Business | L34: >3,000,000 | M34: Household Head | N34: > 5 years | O34: Occupied by owner | P34: Story Building | Q34: Tiles | R34: Bricks | S34: Tiles | T34: House Connection | U34: Not Shared Faciltiies | V34: Paved | W34: =20.8+2.02 -> 22.82 | X34: 9.46 | Y34: 0 | Z34: 0 | AA34: 0.967 | AB34: 2.923 | AC34: 1.165 | AD34: 0 | AE34: 0 | AF34: 5.12 | AG34: =SUM(W34:AF34) -> 42.455 | AH34: =AG34/7 -> 6.065 | AI34: =AH34/12 -> 0.50541667 | AJ34: 134 | AK34: =AG34/AJ34 -> 0.31682836
A35: =A34+1 -> 31 | B35: Household_36 | C35: Makindye Division | D35: Ggaba | E35: Nsubuga Godioz | F35: High-Income | G35: 8 | H35: >60 years | I35: Female | J35: Tertairy | K35: Private Employee | L35: 1,000,000-3,000,000 | M35: Spouse | N35: > 5 years | O35: Occupied by owner | P35: Bungalow | Q35: Tiles | R35: Bricks | S35: Tiles | T35: House Connection | U35: Not Shared Faciltiies | V35: Unpaved | W35: 19.442 | X35: 0 | Y35: 0 | Z35: 0 | AA35: =0.808+0.843 -> 1.651 | AB35: 0.833 | AC35: =1.48+0.176 -> 1.656 | AD35: =0.306 -> 0.306 | AE35: 0.123 | AF35: 1.098 | AG35: =SUM(W35:AF35) -> 25.109 | AH35: =AG35/7 -> 3.587 | AI35: =AH35/8 -> 0.448375 | AJ35: 80 | AK35: =AG35/AJ35 -> 0.3138625
A36: =A35+1 -> 32 | B36: Household_38 | C36: Makindye Division | D36: Ggaba | E36: Nsubuga Godioz | F36: High-Income | G36: 6 | H36: 18-35 years | I36: Male | J36: Tertairy | K36: Government Employee | L36: >3,000,000 | M36: Household Head | N36: > 5 years | O36: Rented | P36: Story Building | Q36: Tiles | R36: Bricks | S36: Tiles | T36: House Connection | U36: Not Shared Faciltiies | V36: Paved | W36: =13.5+18.48 -> 31.98 | X36: 1.45 | Y36: 0 | Z36: 0.367 | AA36: 0.645 | AB36: 0.243 | AC36: 0.619 | AD36: 0 | AE36: 0 | AF36: 3.79 | AG36: =SUM(W36:AF36) -> 39.094 | AH36: =AG36/7 -> 5.5848571 | AI36: =AH36/G36 -> 0.93080952 | AJ36: 104 | AK36: =AG36/AJ36 -> 0.37590385
AG37: =AVERAGE(AG5:AG36) -> 37.441862 | AH37: =AVERAGE(AH5:AH36) -> 5.3488375 | AI37: =AVERAGE(AI5:AI36) -> 0.97940563 | AJ37: =AVERAGE(AJ5:AJ36) -> 119.6875 | AK37: =AVERAGE(AK5:AK36) -> 0.32499407
F38: Avergae Household size | G38: =AVERAGE(G5:G36) -> 5.8125 | U38: =SUM(W38:AF38) -> 1198.1396 | V38: SUM | W38: =SUM(W5:W36) -> 903.03 | X38: =SUM(X5:X36) -> 107.383 | Y38: =SUM(Y5:Y36) -> 0.8 | Z38: =SUM(Z5:Z36) -> 3.993 | AA38: =SUM(AA5:AA36) -> 20.943 | AB38: =SUM(AB5:AB36) -> 32.8156 | AC38: =SUM(AC5:AC36) -> 43.966 | AD38: =SUM(AD5:AD36) -> 0.73 | ... AF38: =SUM(AF5:AF36) -> 76.271
U39: =SUM(W39:AF39) -> 1 | V39: PERCENTAGE | W39: =W38/U38 -> 0.75369348 | X39: =X38/U38 -> 0.089624782 | Y39: =Y38/U38 -> 0.00066770183 | Z39: =Z38/U38 -> 0.0033326667 | AA39: =AA38/U38 -> 0.017479599 | AB39: =AB38/U38 -> 0.027388795 | AC39: =AC38/U38 -> 0.036695223 | AD39: =AD38/U38 -> 0.00060927792 | AE39: =AE38/U38 -> 0.0068506207 | AF39: =AF38/U38 -> 0.063657858
V40: AVERAGE

Sheet All_data
A1: No. | B1: Household ID | C1: Division | D1: Parish | E1: Zone | F1: Socio-economic factors (from proposal) | K1: Other household charactristics investigated | O1: Housing facilities | W1: Amount of olid waste collected over 7days (kg) | AG1: Total waste generated(kg) | AH1: Generation per day (kg/day) | AI1: Per Capita Generation(kg/day) | AJ1: Volume(L) | AK1: Density(kg/L)
F2: Income level | G2: Number of occupants | H2: Age of household head | I2: Gender of Household head | J2: Education level of Household head | K2: Profession of Household head | L2: Monthly income | M2: Respondent | N2: Period of Stay in the area | O2: Type of occupancy | P2: Quality of Housing | Q2: Roof material | R2: Wall material | S2: Floor Material | T2: Access to clean Water | U2: Sanitation Facilities | V2: Condition of access road | W2: Food Waste | X2: Garden and Yard wastes | Y2: Wood | Z2: Textiles | AA2: Paper and pulp | AB2: Polythene Bags | AC2: Plastics and Rubber | AD2: Glass | AE2: Metals | AF2: Others
A3: 1 | B3: Household_1 | C3: Kawenpe Division | D3: Bwaise I | E3: Lubagge | F3: low-income | G3: 3 | H3: 18-35 years | I3: Male | J3: Secondary | K3: Business | L3: <500,000 | M3: Spouse | N3: 1-3 years | O3: Rented | P3: Bungalow | Q3: Iron Sheets/titles | R3: Bricks | S3: Cemented | T3: Yard Tap | U3: Shared Facilities | V3: unpaved | W3: =7.32-0.33 -> 6.99 | X3: =(219-125)/1000 -> 0.094 | Y3: 0 | Z3: =(152-125)/1000 -> 0.027 | AA3: =(142-125)/1000 -> 0.017 | AB3: =(202-125)/1000 -> 0.077 | AC3: =(202-125)/1000 -> 0.077 | AD3: 0 | AE3: 0 | AF3: =(167-125)/1000 -> 0.042 | AG3: =SUM(W3:AF3) -> 7.324 | AH3: =(AG3/7) -> 1.0462857 | AI3: =AH3/G3 -> 0.3487619 | AJ3: 10 | AK3: =4.74/10 -> 0.474
A4: 2 | B4: Household_2 | C4: Kawenpe Division | D4: Bwaise I | E4: Lubagge | F4: low-income | G4: 7 | H4: 36-60 years | I4: Male | J4: Illiterate | K4: Business | L4: 500,000 - 1,000,000 | M4: Son/Daughter | N4: > 5 years | O4: Occupied by owner | P4: Bungalow | Q4: Iron Sheets/titles | R4: Bricks | S4: Tiles | T4: Yard Tap | U4: Not Shared Facilities | V4: unpaved | W4: =13.42-0.33*3 -> 12.43 | X4: 0 | Y4: 0 | Z4: =(166-125)/1000 -> 0.041 | AA4: =(425-125)/1000 -> 0.3 | AB4: =(547-330)/1000 -> 0.217 | AC4: =(263-125)/1000 -> 0.138 | AD4: 0 | AE4: 0 | AF4: 0 | AG4: =SUM(W4:AF4) -> 13.126 | AH4: =(AG4/7) -> 1.8751429 | AI4: =AH4/G4 -> 0.26787755 | AJ4: 30 | AK4: =AG4/AJ4 -> 0.43753333
A5: 3 | B5: Household_3 | C5: Kawenpe Division | D5: Bwaise I | E5: Lubagge | F5: low-income | G5: 6 | H5: 36-60 years | I5: Female | J5: Secondary | K5: Business | L5: 500,000 - 1,000,000 | M5: Household head | N5: > 5 years | O5: Occupied by owner | P5: Bungalow | Q5: Iron Sheets/titles | R5: Bricks | S5: Tiles | T5: Yard Tap | U5: Shared Facilities | V5: unpaved | W5: 0 | X5: 0 | Y5: 0 | Z5: 0 | AA5: 0 | AB5: 4.56 | AC5: 0 | AD5: 0 | AE5: 0 | AF5: 0 | AG5: =SUM(W5:AF5) -> 4.56 | AH5: =(AG5/7) -> 0.65142857 | AI5: =AH5/G5 -> 0.10857143 | AJ5: 12 | AK5: =AG5/AJ5 -> 0.38
A6: 4 | B6: Household_4 | C6: Kawenpe Division | D6: Bwaise I | E6: Bubajjwe | F6: low-income | G6: 11 | H6: >60 years | I6: Male | J6: Secondary | K6: Retired | L6: 500,000 - 1,000,000 | M6: Household head | N6: > 5 years | O6: Occupied by owner | P6: Bungalow | Q6: Iron Sheets/titles | R6: Bricks | S6: Cemented | T6: Yard Tap | U6: Not Shared Facilities | V6: unpaved | W6: =(4.3+2.48)-(0.33*2) -> 6.12 | X6: =(3.7+3.46+4.3)-0.33*3 -> 10.47 | Y6: =(279-125)/1000 -> 0.154 | Z6: =1.08-0.125 -> 0.955 | AA6: =(256-125)/1000 -> 0.131 | AB6: =(741-125)/1000 -> 0.616 | AC6: =(134-125)/1000 -> 0.009 | AD6: 0 | AE6: 0 | AF6: =(1240-125)/1000 -> 1.115 | AG6: =SUM(W6:AF6) -> 19.57 | AH6: =(AG6/7) -> 2.7957143 | AI6: =AH6/G6 -> 0.25415584 | AJ6: 70 | AK6: =AG6/AJ6 -> 0.27957143
A7: 5 | B7: Household_5 | C7: Kawenpe Division | D7: Bwaise I | E7: Bubajjwe | F7: low-income | G7: 2 | H7: 18-35 years | I7: Female | J7: Tertiary | K7: Private Employee | L7: 500,000 - 1,000,000 | M7: Household head | N7: > 5 years | O7: Occupied by owner | P7: Temporary | Q7: Iron Sheets/titles | R7: Bricks | S7: Tiles | T7: House connection | U7: Not Shared Facilities | V7: unpaved | W7: 4.02 | X7: 0 | Y7: 0 | Z7: 0 | AA7: 0 | AB7: 0.05 | AC7: 0 | AD7: 0 | AE7: 0 | AF7: 0 | AG7: =SUM(W7:AF7) -> 4.07 | AH7: =(AG7/7) -> 0.58142857 | AI7: =AH7/G7 -> 0.29071429 | AJ7: 8 | AK7: =AG7/AJ7 -> 0.50875
A8: 6 | B8: Household_6 | C8: Kawenpe Division | D8: Bwaise I | E8: Bubajjwe | F8: low-income | G8: 7 | H8: 18-35 years | I8: Female | J8: Primary | K8: Retired | L8: <500,000 | M8: Household head | N8: > 5 years | O8: Occupied by owner | P8: Bungalow | Q8: Iron Sheets/titles | R8: Bricks | S8: Cemented | T8: Stand pipe | U8: Not Shared Facilities | V8: unpaved | W8: =(279-125)/1000 -> 0.154 | X8: 0 | Y8: 0 | Z8: =(301-125)/1000 -> 0.176 | AA8: =(145-125)/1000 -> 0.02 | AB8: =(154-125)/1000 -> 0.029 | AC8: =(947-330)/1000+90/1000 -> 0.707 | AD8: 0 | AE8: 0 | AF8: =(160-125)/1000 -> 0.035 | AG8: =SUM(W8:AF8) -> 1.121 | AH8: =(AG8/7) -> 0.16014286 | AI8: =AH8/G8 -> 0.022877551 | AJ8: 14 | AK8: =AG8/AJ8 -> 0.080071429
A9: 7 | B9: Household_7 | C9: Kawenpe Division | D9: Bwaise I | E9: Bubajjwe | F9: low-income | G9: 4 | H9: 36-60 years | I9: Female | J9: Secondary | K9: Business | L9: <500,000 | M9: Household head | N9: > 5 years | O9: Rented | P9: Bungalow | Q9: Iron Sheets/titles | R9: Bricks | S9: Cemented | T9: Stand pipe | U9: Shared Facilities | V9: unpaved | W9: =(3.72*10-0.33*10) -> 33.9 | X9: 0 | Y9: 0 | Z9: 0 | AA9: 0 | AB9: 0 | AC9: 0 | AD9: 0 | AE9: 0 | AF9: 0 | AG9: =SUM(W9:AF9) -> 33.9 | AH9: =(AG9/7) -> 4.8428571 | AI9: =AH9/G9 -> 1.2107143 | AJ9: 100 | AK9: =AG9/AJ9 -> 0.339
A10: 8 | B10: Household_8 | C10: Kawenpe Division | D10: Bwaise I | E10: Bubajjwe | F10: low-income | G10: 3 | H10: 18-35 years | I10: Female | J10: Primary | K10: Business | L10: <500,000 | M10: Household head | N10: 3-5 years | O10: Rented | P10: Bungalow | Q10: Iron Sheets/titles | R10: Bricks | S10: Cemented | T10: Stand pipe | U10: Shared Facilities | V10: unpaved | W10: 9.12 | X10: 0 | Y10: 0 | Z10: =(693-125)/1000 -> 0.568 | AA10: =(163-125)/1000 -> 0.038 | AB10: 0 | AC10: 0 | AD10: 0 | AE10: =(249-125)/1000 -> 0.124 | AF10: =(375+200-125)/1000 -> 0.45 | AG10: =SUM(W10:AF10) -> 10.3 | AH10: =(AG10/7) -> 1.4714286 | AI10: =AH10/G10 -> 0.49047619 | AJ10: 34 | AK10: =AG10/AJ10 -> 0.30294118
A11: 9 | B11: Household_9 | C11: Kawenpe Division | D11: Bwaise I | E11: Bubajjwe | F11: low-income | G11: 2 | H11: 36-60 years | I11: Female | J11: Primary | K11: Business | L11: <500,000 | M11: Household head | N11: 1-3 years | O11: Rented | P11: Bungalow | Q11: Iron Sheets/titles | R11: Bricks | S11: Cemented | T11: Yard Tap | U11: Shared Facilities | V11: unpaved | W11: 11.5 | X11: 0 | Y11: 0 | Z11: 0 | AA11: 0 | AB11: =(173-125)/1000 -> 0.048 | AC11: 0 | AD11: 0 | AE11: 0 | AF11: 0 | AG11: =SUM(W11:AF11) -> 11.548 | AH11: =(AG11/7) -> 1.6497143 | AI11: =AH11/G11 -> 0.82485714 | AJ11: 40 | AK11: =AG11/AJ11 -> 0.2887
A12: 10 | B12: Household_10 | C12: Kawenpe Division | D12: Bwaise I | E12: Bubajjwe | F12: low-income | G12: 3 | H12: 18-35 years | I12: Female | J12: Primary | K12: Business | L12: <500,000 | M12: Son/Daughter | N12: > 5 years | O12: Rented | P12: Bungalow | Q12: Iron Sheets/titles | R12: Bricks | S12: Cemented | T12: Stand pipe | U12: Not Shared Facilities | V12: unpaved | W12: 10.3 | X12: 0 | Y12: 0 | Z12: 0 | AA12: =(223-125)/1000 -> 0.098 | AB12: 0 | AC12: =(278-125)/1000 -> 0.153 | AD12: 0 | AE12: 0 | AF12: =(144-125)/1000 -> 0.019 | AG12: =SUM(W12:AF12) -> 10.57 | AH12: =(AG12/7) -> 1.51 | AI12: =AH12/G12 -> 0.50333333 | AJ12: 20 | AK12: =AG12/AJ12 -> 0.5285
A13: 11 | B13: Household_11 | C13: Kawenpe Division | D13: Bwaise I | E13: Bubajjwe | F13: low-income | G13: 2 | H13: 36-60 years | I13: Female | J13: Primary | K13: Business | L13: 500,000 - 1,000,000 | M13: Son/Daughter | N13: 3-5 years | O13: Rented | P13: Bungalow | Q13: Iron Sheets/titles | R13: Bricks | S13: Cemented | T13: Stand pipe | U13: Not Shared Facilities | V13: unpaved | W13: =(3.14+4.16)-0.33*2 -> 6.64 | X13: 0 | Y13: 0 | Z13: =(150-125)/1000 -> 0.025 | AA13: =(225-125)/1000 -> 0.1 | AB13: 0 | AC13: 0 | AD13: 0 | AE13: 0 | AF13: 0 | AG13: =SUM(W13:AF13) -> 6.765 | AH13: =(AG13/7) -> 0.96642857 | AI13: =AH13/G13 -> 0.48321429 | AJ13: 24 | AK13: =AG13/AJ13 -> 0.281875
A14: 12 | B14: Household_12 | C14: Kawenpe Division | D14: Bwaise I | E14: Bishop Mukwaya | F14: low-income | G14: 4 | H14: 18-35 years | I14: Male | J14: Secondary | K14: Housewife | L14: <500,000 | M14: Household head | N14: > 5 years | O14: Occupied by owner | P14: Bungalow | Q14: Iron Sheets/titles | R14: Bricks | S14: Tiles | T14: House connection | U14: Not Shared Facilities | V14: unpaved | W14: 8.52 | X14: 0 | Y14: 0 | Z14: =(180-125)/1000 -> 0.055 | AA14: 0 | AB14: 0 | AC14: 0 | AD14: 0.029 | AE14: 0 | AF14: =(454-125)/1000 -> 0.329 | AG14: =SUM(W14:AF14) -> 8.933 | AH14: =(AG14/7) -> 1.2761429 | AI14: =AH14/G14 -> 0.31903571 | AJ14: 30 | AK14: =AG14/AJ14 -> 0.29776667
A15: 13 | B15: Household_13 | C15: Kawenpe Division | D15: Bwaise I | E15: Bishop Mukwaya | F15: low-income | G15: 3 | H15: >60 years | I15: Male | J15: Primary | K15: Retired | L15: <500,000 | M15: Household head | N15: > 5 years | O15: Occupied by owner | P15: Bungalow | Q15: Iron Sheets/titles | R15: Bricks | S15: Cemented | T15: Stand pipe | U15: Not Shared Facilities | V15: unpaved | W15: =0.54-0.33 -> 0.21 | X15: 0 | Y15: 0 | Z15: 0 | AA15: 0 | AB15: =1.2-0.33 -> 0.87 | AC15: =0.9-0.33 -> 0.57 | AD15: 0 | AE15: 0 | AF15: 0.5 | AG15: =SUM(W15:AF15) -> 2.15 | AH15: =(AG15/7) -> 0.30714286 | AI15: =AH15/G15 -> 0.10238095 | AJ15: 4 | AK15: =AG15/AJ15 -> 0.5375
A16: 14 | B16: Household_14 | C16: Kawenpe Division | D16: Bwaise I | E16: Bishop Mukwaya | F16: low-income | G16: 6 | H16: 36-60 years | I16: Male | J16: Illiterate | K16: Business | L16: <500,000 | M16: Son/Daughter | N16: > 5 years | O16: Rented | P16: Bungalow | Q16: Iron Sheets/titles | R16: Bricks | S16: Cemented | T16: Stand pipe | U16: Not Shared Facilities | V16: unpaved | W16: 9.42 | X16: 0 | Y16: =(194-125)/1000 -> 0.069 | Z16: =309/1000 -> 0.309 | AA16: =(413-125)/1000 -> 0.288 | AB16: =(599-125)/1000 -> 0.474 | AC16: =(276-125)/1000 -> 0.151 | AD16: 0 | AE16: 0 | AF16: =(1.17-0.33) -> 0.84 | AG16: =SUM(W16:AF16) -> 11.551 | AH16: =(AG16/7) -> 1.6501429 | AI16: =AH16/G16 -> 0.27502381 | AJ16: 40 | AK16: =AG16/AJ16 -> 0.288775
A17: 15 | B17: Household_15 | C17: Kawenpe Division | D17: Bwaise I | E17: Bishop Mukwaya | F17: low-income | G17: 11 | H17: >60 years | I17: Male | J17: Primary | K17: Business | L17: <500,000 | M17: Household head | N17: > 5 years | O17: Occupied by owner | P17: Temporary | Q17: Iron Sheets/titles | R17: Bricks | S17: Cemented | T17: Yard Tap | U17: Not Shared Facilities | V17: unpaved | W17: 13.12 | X17: 0 | Y17: 0 | Z17: =(1.14*3-0.33*3) -> 2.43 | AA17: 0 | AB17: =1.76*3-0.33*3 -> 4.29 | AC17: =(0.782*3+0.45*3)-2*3*0.33 -> 1.716 | AD17: 0 | AE17: 0 | AF17: 0 | AG17: =SUM(W17:AF17) -> 21.556 | AH17: =(AG17/7) -> 3.0794286 | AI17: =AH17/G17 -> 0.27994805 | AJ17: 64 | AK17: =AG17/AJ17 -> 0.3368125
A18: 16 | B18: Household_16 | C18: Kawenpe Division | D18: Bwaise I | E18: Bishop Mukwaya | F18: low-income | G18: 3 | H18: 18-35 years | I18: Female | J18: Secondary | K18: Business | L18: <500,000 | M18: Household head | N18: 1-3 years | O18: Rented | P18: Bungalow | Q18: Iron Sheets/titles | R18: Mud/poles | S18: Mud | T18: Stand pipe | U18: Shared Facilities | V18: unpaved | W18: 4.18 | X18: 0 | Y18: 0 | Z18: 0 | AA18: 0 | AB18: =(632-125)/1000 -> 0.507 | AC18: 0 | AD18: 0 | AE18: 0 | AF18: =(845-330)/1000 -> 0.515 | AG18: =SUM(AB18:AF18)+4.18 -> 5.202 | AH18: =(AG18/7) -> 0.74314286 | AI18: =AH18/G18 -> 0.24771429 | AJ18: 10 | AK18: =AG18/AJ18 -> 0.5202
A19: 17 | B19: Household_17 | C19: Kawenpe Division | D19: Bwaise I | E19: Bishop Mukwaya | F19: low-income | G19: 12 | H19: 36-60 years | I19: Female | J19: Secondary | K19: Business | L19: <500,000 | M19: Household head | N19: > 5 years | O19: Occupied by owner | P19: Bungalow | Q19: Iron Sheets/titles | R19: Mud/poles | S19: Mud | T19: Stand pipe | U19: Shared Facilities | V19: unpaved | W19: =(4.26*8) -> 34.08 | X19: 0 | Y19: 0 | Z19: 0 | AA19: 0 | AB19: 0 | AC19: 0 | AD19: 0 | AE19: 0 | AF19: 0 | AG19: =W19+3.2 -> 37.28 | AH19: =(AG19/7) -> 5.3257143 | AI19: =AH19/G19 -> 0.44380952 | AJ19: 140 | AK19: =AG19/AJ19 -> 0.26628571
A20: 18 | B20: Household_18 | C20: Kawenpe Division | D20: Bwaise I | E20: Lule | F20: low-income | G20: 6 | H20: 36-60 years | I20: Male | J20: Tertiary | K20: Government Employee | L20: 1,000,000 - 3,000,000 | M20: Spouse | N20: 1-3 years | O20: Rented | P20: Bungalow | Q20: Iron Sheets/titles | R20: Bricks | S20: Tiles | T20: House connection | U20: Not Shared Facilities | V20: unpaved | W20: =4.24+6.16+5.9+6.08 -> 22.38 | X20: =(540-125)/1000 -> 0.415 | Y20: 0 | Z20: 0 | AA20: =(362-125)/1000 -> 0.237 | AB20: =(454-125)/1000 -> 0.329 | AC20: =(1171+651-330)/1000 -> 1.492 | AD20: 0 | AE20: 0 | AF20: =(411-330)/1000 -> 0.081 | AG20: =SUM(W20:AF20) -> 24.934 | AH20: =(AG20/7) -> 3.562 | AI20: =AH20/G20 -> 0.59366667 | AJ20: 70 | AK20: =AG20/AJ20 -> 0.3562
A21: 19 | B21: Household_19 | C21: Kawenpe Division | D21: Bwaise I | E21: Lule | F21: low-income | G21: 7 | H21: >60 years | I21: Male | J21: Secondary | K21: Business | L21: 500,000 - 1,000,000 | M21: Spouse | N21: > 5 years | O21: Occupied by owner | P21: Bungalow | Q21: Iron Sheets/titles | R21: Bricks | S21: Cemented | T21: Yard Tap | U21: Not Shared Facilities | V21: Unpaved | W21: 11.9 | X21: 0 | Y21: 0 | Z21: =1.355-0.33 -> 1.025 | AA21: 0 | AB21: =(1184-125)/1000 -> 1.059 | AC21: =1.032-0.33 -> 0.702 | AD21: 0 | AE21: 0 | AF21: =0.306-0.125 -> 0.181 | AG21: =SUM(W21:AF21) -> 14.867 | AH21: =(AG21/7) -> 2.1238571 | AI21: =AH21/G21 -> 0.30340816 | AJ21: 34 | AK21: =AG21/AJ21 -> 0.43726471
A22: 20 | B22: Household_20 | C22: Kawenpe Division | D22: Bwaise I | E22: Lule | F22: low-income | G22: 3 | H22: 18-35 years | I22: Male | J22: Illiterate | K22: Retired | L22: <500,000 | M22: Household head | N22: 1-3 years | O22: Rented | P22: Bungalow | Q22: Iron Sheets/titles | R22: Bricks | S22: Cemented | T22: Stand pipe | U22: Not Shared Facilities | V22: Unpaved | W22: =(2.82*7-0.125*7) -> 18.865 | X22: 0 | Y22: 0 | Z22: 0 | AA22: =(179-125)/1000 -> 0.054 | AB22: =(520-125)/1000 -> 0.395 | AC22: =(481-330)/1000 -> 0.151 | AD22: 0 | AE22: 0 | AF22: 0 | AG22: =SUM(W22:AF22) -> 19.465 | AH22: =(AG22/7) -> 2.7807143 | AI22: =AH22/G22 -> 0.92690476 | AJ22: 64 | AK22: =AG22/AJ22 -> 0.30414062
A23: 21 | B23: Household_21 | C23: Kawenpe Division | D23: Bwaise I | E23: Lule | F23: low-income | G23: 2 | H23: 18-35 years | I23: Male | J23: Secondary | K23: Private Employee | L23: 500,000 - 1,000,000 | M23: Household head | N23: 1-3 years | O23: Rented | P23: Bungalow | Q23: Iron Sheets/titles | R23: Bricks | S23: Cemented | T23: Yard Tap | U23: Not Shared Facilities | V23: Unpaved | W23: 2.9 | X23: 0 | Y23: 0 | Z23: =0.208-0.125 -> 0.083 | AA23: =0.233-0.125 -> 0.108 | AB23: =0.213-0.125 -> 0.088 | AC23: 0 | AD23: 0 | AE23: 0 | AF23: =2.68-0.125 -> 2.555 | AG23: =SUM(W23:AF23) -> 5.734 | AH23: =(AG23/7) -> 0.81914286 | AI23: =AH23/G23 -> 0.40957143 | AJ23: 34 | AK23: =AG23/AJ23 -> 0.16864706
A24: 22 | B24: Household_22 | C24: Kawenpe Division | D24: Bwaise I | E24: Lule | F24: low-income | G24: 6 | H24: 36-60 years | I24: Female | J24: Illiterate | K24: Government Employee | L24: <500,000 | M24: Household head | N24: > 5 years | O24: Occupied by owner | P24: Bungalow | Q24: Iron Sheets/titles | R24: Bricks | S24: Cemented | T24: House connection | U24: Not Shared Facilities | V24: Unpaved | W24: 12.18 | X24: 0 | Y24: 0 | Z24: =0.142-0.125 -> 0.017 | AA24: =0.159-0.125 -> 0.034 | AB24: =2-0.33 -> 1.67 | AC24: =0.277-0.125 -> 0.152 | AD24: 0 | AE24: 0.151 | AF24: 0 | AG24: =SUM(W24:AF24) -> 14.204 | AH24: =(AG24/7) -> 2.0291429 | AI24: =AH24/G24 -> 0.33819048 | AJ24: 30 | AK24: =AG24/AJ24 -> 0.47346667
A25: 23 | B25: Household_23 | C25: Kawenpe Division | D25: Bwaise I | E25: Lule | F25: low-income | G25: 3 | H25: 18-35 years | I25: Male | J25: Tertiary | K25: Private Employee | L25: 500,000 - 1,000,000 | M25: Spouse | N25: 1-3 years | O25: Rented | P25: Bungalow | Q25: Iron Sheets/titles | R25: Bricks | S25: Cemented | T25: Stand pipe | U25: Not Shared Facilities | V25: Unpaved | W25: =0.221-0.125 -> 0.096 | X25: 0 | Y25: 0 | Z25: 0 | AA25: =0.15+0.148-0.125*2 -> 0.048 | AB25: =0.177-0.125 -> 0.052 | AC25: =0.271-0.125 -> 0.146 | AD25: 0 | AE25: 0 | AF25: 0 | AG25: =SUM(W25:AF25) -> 0.342 | AH25: =(AG25/7) -> 0.048857143 | AI25: =AH25/G25 -> 0.016285714 | AJ25: 4 | AK25: =AG25/AJ25 -> 0.0855
A26: 24 | B26: Household_24 | C26: Kawenpe Division | D26: Bwaise I | E26: Lule | F26: low-income | G26: 3 | H26: 18-35 years | I26: Male | J26: Tertiary | K26: Business | L26: 500,000 - 1,000,000 | M26: Household head | N26: 1-3 years | O26: Rented | P26: Bungalow | Q26: Iron Sheets/titles | R26: Bricks | S26: Cemented | T26: Yard Tap | U26: Not Shared Facilities | V26: Unpaved | W26: =0.689-0.125 -> 0.564 | X26: 0 | Y26: 0 | Z26: 0 | AA26: 0 | AB26: =0.204-0.125 -> 0.079 | AC26: 0.142 | AD26: 0 | AE26: 0 | AF26: 0 | AG26: =SUM(W26:AF26) -> 0.785 | AH26: =(AG26/7) -> 0.11214286 | AI26: =AH26/G26 -> 0.037380952 | AJ26: 8 | AK26: =AG26/AJ26 -> 0.098125
A27: 25 | B27: Household_25 | C27: Kawenpe Division | D27: Bwaise I | E27: Lule | F27: low-income | G27: 4 | H27: 18-35 years | I27: Male | J27: Secondary | K27: Private Employee | L27: <500,000 | M27: Spouse | N27: 3-5 years | O27: Rented | P27: Bungalow | Q27: Iron Sheets/titles | R27: Bricks | S27: Cemented | T27: Yard Tap | U27: Not Shared Facilities | V27: Unpaved | W27: 7.1 | X27: 0 | Y27: 0 | Z27: =0.405-0.125 -> 0.28 | AA27: 0 | AB27: =0.585-0.125 -> 0.46 | AC27: =0.22-0.125 -> 0.095 | AD27: 0 | AE27: 0 | AF27: 0 | AG27: =SUM(W27:AF27) -> 7.935 | AH27: =(AG27/7) -> 1.1335714 | AI27: =AH27/G27 -> 0.28339286 | AJ27: 20 | AK27: =AG27/AJ27 -> 0.39675
A28: 26 | B28: Household_26 | C28: Kawenpe Division | D28: Bwaise I | E28: Lule | F28: low-income | G28: 2 | H28: 36-60 years | I28: Male | J28: Secondary | K28: Business | L28: <500,000 | M28: Spouse | N28: 1-3 years | O28: Rented | P28: Bungalow | Q28: Iron Sheets/titles | R28: Bricks | S28: Cemented | T28: Yard Tap | U28: Shared Facilities | V28: Unpaved | W28: 14.06 | X28: 0 | Y28: 0 | Z28: 0 | AA28: =0.138-0.125 -> 0.013 | AB28: =0.252-0.125 -> 0.127 | AC28: =0.214-0.125 -> 0.089 | AD28: 0 | AE28: =0.237-0.125 -> 0.112 | AF28: =0.332-0.125 -> 0.207 | AG28: =SUM(W28:AF28) -> 14.608 | AH28: =(AG28/7) -> 2.0868571 | AI28: =AH28/G28 -> 1.0434286 | AJ28: 34 | AK28: =AG28/AJ28 -> 0.42964706
A29: 27 | B29: Household_27 | C29: Kawenpe Division | D29: Bwaise I | E29: Lule | F29: low-income | G29: 5 | H29: 18-35 years | I29: Male | J29: Secondary | K29: Business | L29: <500,000 | M29: Spouse | N29: < 1 year | O29: Rented | P29: Bungalow | Q29: Iron Sheets/titles | R29: Bricks | S29: Cemented | T29: Yard Tap | U29: Shared Facilities | V29: Unpaved | W29: 29.38 | X29: 9.35 | Y29: 0 | Z29: 0 | AA29: 0 | AB29: 3.28 | AC29: 1.99 | AD29: 0 | AE29: 0 | AF29: 0 | AG29: =34+10 -> 44 | AH29: =(AG29/7) -> 6.2857143 | AI29: =AH29/G29 -> 1.2571429 | AJ29: 140 | AK29: =AG29/AJ29 -> 0.31428571
A30: 28 | B30: Household_28 | C30: Kawenpe Division | D30: Bwaise I | E30: Lule | F30: low-income | G30: 3 | H30: 36-60 years | I30: Male | J30: Primary | K30: Business | L30: <500,000 | M30: Spouse | N30: 1-3 years | O30: Rented | P30: Temporary | Q30: Iron Sheets/titles | R30: Bricks | S30: Cemented | T30: Stand pipe | U30: Shared Facilities | V30: Unpaved | W30: 6.68 | X30: 0 | Y30: 0 | Z30: 0 | AA30: 0.029 | AB30: =0.505-0.125 -> 0.38 | AC30: =0.157-0.125 -> 0.032 | AD30: 0 | AE30: 0 | AF30: =0.362-0.125 -> 0.237 | AG30: =SUM(W30:AF30) -> 7.358 | AH30: =(AG30/7) -> 1.0511429 | AI30: =AH30/G30 -> 0.35038095 | AJ30: 18 | AK30: =AG30/AJ30 -> 0.40877778
A31: 29 | B31: Household_29 | C31: Kawenpe Division | D31: Bwaise I | E31: Kiyaga | F31: low-income | G31: 8 | H31: >60 years | I31: Female | J31: Primary | K31: Retired | L31: <500,000 | M31: Household head | N31: 3-5 years | O31: Occupied by owner | P31: Bungalow | Q31: Iron Sheets/titles | R31: Bricks | S31: Cemented | T31: Yard Tap | U31: Not Shared Facilities | V31: Unpaved | W31: 5.26 | X31: 0 | Y31: 0 | Z31: =0.463-0.33 -> 0.133 | AA31: =0.322-0.125 -> 0.197 | AB31: =1.591-0.33 -> 1.261 | AC31: 1.18 | AD31: 0 | AE31: 0 | AF31: 0 | AG31: =SUM(W31:AF31) -> 8.031 | AH31: =(AG31/7) -> 1.1472857 | AI31: =AH31/G31 -> 0.14341071 | AJ31: 24 | AK31: =AG31/AJ31 -> 0.334625
A32: 30 | B32: Household_30 | C32: Kawenpe Division | D32: Bwaise I | E32: Kiyaga | F32: low-income | G32: 3 | H32: 36-60 years | I32: Male | J32: Tertiary | K32: Government Employee | L32: 500,000 - 1,000,000 | M32: Household head | N32: > 5 years | O32: Occupied by owner | P32: Bungalow | Q32: Iron Sheets/titles | R32: Bricks | S32: Cemented | T32: House connection | U32: Not Shared Facilities | V32: Unpaved | W32: 1.38 | X32: 0 | Y32: 0 | Z32: 0 | AA32: =0.296-0.125 -> 0.171 | AB32: =0.342-0.125 -> 0.217 | AC32: =0.419-0.33 -> 0.089 | AD32: 0 | AE32: =0.163-0.125 -> 0.038 | AF32: 0 | AG32: =SUM(W32:AF32) -> 1.895 | AH32: =(AG32/7) -> 0.27071429 | AI32: =AH32/G32 -> 0.090238095 | AJ32: 4 | AK32: =AG32/AJ32 -> 0.47375
A33: 31 | B33: Household_31 | C33: Kawenpe Division | D33: Bwaise I | E33: Kulumba | F33: low-income | G33: 2 | H33: >60 years | I33: Female | J33: Illiterate | K33: Retired | L33: <500,000 | M33: Son/Daughter | N33: > 5 years | O33: Occupied by owner | P33: Bungalow | Q33: Iron Sheets/titles | R33: Bricks | S33: Cemented | T33: Yard Tap | U33: Shared Facilities | V33: Unpaved | W33: 8.24 | X33: 0 | Y33: 0 | Z33: 0.07 | AA33: =0.216-0.125 -> 0.091 | AB33: =0.571-0.125 -> 0.446 | AC33: =0.164-0.125 -> 0.039 | AD33: 0 | AE33: 0 | AF33: 0 | AG33: =SUM(W33:AF33) -> 8.886 | AH33: =(AG33/7) -> 1.2694286 | AI33: =AH33/G33 -> 0.63471429 | AJ33: 20 | AK33: =AG33/AJ33 -> 0.4443
A34: 32 | B34: Household_32 | C34: Kawenpe Division | D34: Bwaise I | E34: Kulumba | F34: low-income | G34: 4 | H34: 18-35 years | I34: Male | J34: Secondary | K34: Private Employee | L34: 500,000 - 1,000,000 | M34: Spouse | N34: 1-3 years | O34: Rented | P34: Bungalow | Q34: Iron Sheets/titles | R34: Bricks | S34: Cemented | T34: Stand pipe | U34: Not Shared Facilities | V34: Unpaved | W34: 4 | X34: 0 | Y34: 0 | Z34: 0 | AA34: =0.175-0.125 -> 0.05 | AB34: =0.246-0.125 -> 0.121 | AC34: 0 | AD34: 0 | AE34: 0 | AF34: 0 | AG34: =SUM(W34:AF34) -> 4.171 | AH34: =(AG34/7) -> 0.59585714 | AI34: =AH34/G34 -> 0.14896429 | AJ34: 8 | AK34: =AG34/AJ34 -> 0.521375
A35: 33 | B35: Household_33 | C35: Kawenpe Division | D35: Bwaise I | E35: Kulumba | F35: low-income | G35: 6 | H35: 36-60 years | I35: Male | J35: Secondary | K35: Business | L35: 500,000 - 1,000,000 | M35: Spouse | N35: > 5 years | O35: Rented | P35: Bungalow | Q35: Iron Sheets/titles | R35: Bricks | S35: Cemented | T35: Stand pipe | U35: Shared Facilities | V35: Unpaved | W35: 18 | X35: 0 | Y35: 0 | Z35: 0 | AA35: =0.198-0.125 -> 0.073 | AB35: =3.4-1.5-0.33 -> 1.57 | AC35: =1.166-0.5-0.33 -> 0.336 | AD35: 0 | AE35: 0 | AF35: 0 | AG35: =SUM(W35:AF35) -> 19.979 | AH35: =(AG35/7) -> 2.8541429 | AI35: =AH35/G35 -> 0.47569048 | AJ35: 74 | AK35: =AG35/AJ35 -> 0.26998649
A36: 34 | B36: Household_34 | C36: Kawenpe Division | D36: Bwaise I | E36: Kulumba | F36: low-income | G36: 4 | H36: >60 years | I36: Female | J36: Secondary | K36: Business | L36: <500,000 | M36: Household head | N36: > 5 years | O36: Occupied by owner | P36: Bungalow | Q36: Iron Sheets/titles | R36: Bricks | S36: Cemented | T36: Yard Tap | U36: Not Shared Facilities | V36: Unpaved | W36: 23.44 | X36: 0 | Y36: 0 | Z36: 0 | AA36: 0 | AB36: 2.26 | AC36: =6.68-2.26 -> 4.42 | AD36: 0 | AE36: 0 | AF36: 10.18 | AG36: =SUM(W36:AF36) -> 40.3 | AH36: =(AG36/7) -> 5.7571429 | AI36: =AH36/G36 -> 1.4392857 | AJ36: 160 | AK36: =AG36/AJ36 -> 0.251875
A37: 35 | B37: Household_35 | C37: Kawenpe Division | D37: Bwaise I | E37: Kulumba | F37: low-income | G37: 8 | H37: >60 years | I37: Female | J37: Secondary | K37: Business | L37: <500,000 | M37: Household head | N37: > 5 years | O37: Occupied by owner | P37: Bungalow | Q37: Iron Sheets/titles | R37: Bricks | S37: Cemented | T37: Yard Tap | U37: Shared Facilities | V37: Unpaved | W37: 8.7 | X37: 7.08 | Y37: 0 | Z37: =0.206-0.125 -> 0.081 | AA37: =0.156-0.125 -> 0.031 | AB37: =0.592-0.125 -> 0.467 | AC37: =0.174-0.125 -> 0.049 | AD37: 0 | AE37: 0 | AF37: 0 | AG37: =SUM(W37:AF37) -> 16.408 | AH37: =(AG37/7) -> 2.344 | AI37: =AH37/G37 -> 0.293 | AJ37: 44 | AK37: =AG37/AJ37 -> 0.37290909
A38: 36 | B38: Household_36 | C38: Kawenpe Division | D38: Bwaise I | E38: Kulumba | F38: low-income | G38: 6 | H38: >60 years | I38: Male | J38: Secondary | K38: Private Employee | L38: 500,000 - 1,000,000 | M38: Spouse | N38: > 5 years | O38: Occupied by owner | P38: Bungalow | Q38: Iron Sheets/titles | R38: Bricks | S38: Cemented | T38: House connection | U38: Not Shared Facilities | V38: Unpaved | W38: =4.64+4.2+6.44+1.24-1.42-0.33*4 -> 13.78 | X38: 10.99 | Y38: =0.355-0.125 -> 0.23 | Z38: =1.026-0.125 -> 0.901 | AA38: =0.148-0.125 -> 0.023 | AB38: =0.737-0.125 -> 0.612 | AC38: =0.205-0.125 -> 0.08 | AD38: 0 | AE38: =0.168-0.125 -> 0.043 | AF38: 0 | AG38: =SUM(W38:AF38) -> 26.659 | AH38: =(AG38/7) -> 3.8084286 | AI38: =AH38/G38 -> 0.6347381 | AJ38: 70 | AK38: =AG38/AJ38 -> 0.38084286
A39: 37 | B39: Household_37 | C39: Kawenpe Division | D39: Bwaise I | E39: Kulumba | F39: low-income | G39: 7 | H39: 36-60 years | I39: Female | J39: Secondary | K39: Business | L39: <500,000 | M39: Household head | N39: > 5 years | O39: Occupied by owner | P39: Bungalow | Q39: Iron Sheets/titles | R39: Bricks | S39: Cemented | T39: Yard Tap | U39: Not Shared Facilities | V39: Unpaved | W39: 5.66 | X39: 0 | Y39: 0 | Z39: 0 | AA39: =0.14-0.125 -> 0.015 | AB39: =0.315-0.125 -> 0.19 | AC39: =0.187-0.125 -> 0.062 | AD39: 0 | AE39: 0 | AF39: 0 | AG39: =SUM(W39:AF39) -> 5.927 | AH39: =(AG39/7) -> 0.84671429 | AI39: =AH39/G39 -> 0.12095918 | AJ39: 12 | AK39: =AG39/AJ39 -> 0.49391667
A40: 38 | B40: Household_38 | C40: Kawenpe Division | D40: Bwaise I | E40: Kulumba | F40: low-income | G40: 6 | H40: 36-60 years | I40: Male | J40: Secondary | K40: Business | L40: <500,000 | M40: Spouse | N40: > 5 years | O40: Rented | P40: Bungalow | Q40: Iron Sheets/titles | R40: Bricks | S40: Cemented | T40: Stand pipe | U40: Not Shared Facilities | V40: Unpaved | W40: =1.76+0.366-0.125 -> 2.001 | X40: 0 | Y40: 0 | Z40: =0.148-0.125 -> 0.023 | AA40: 0 | AB40: =0.38-0.125 -> 0.255 | AC40: =0.146-0.125 -> 0.021 | AD40: 0 | AE40: 0 | AF40: =0.209-0.125 -> 0.084 | AG40: =SUM(W40:AF40) -> 2.384 | AH40: =(AG40/7) -> 0.34057143 | AI40: =AH40/G40 -> 0.056761905 | AJ40: 6 | AK40: =AG40/AJ40 -> 0.39733333
A41: 39 | B41: Household_39 | C41: Kawenpe Division | D41: Bwaise I | E41: Kulumba | F41: low-income | G41: 2 | H41: 18-35 years | I41: Male | J41: Secondary | K41: Business | L41: <500,000 | M41: Spouse | N41: 1-3 years | O41: Rented | P41: Bungalow | Q41: Iron Sheets/titles | R41: bricks | S41: Cemented | T41: Yard Tap | U41: Shared Facilities | V41: Unpaved | W41: =5.24+2.5 -> 7.74 | X41: 0 | Y41: 0 | Z41: 0 | AA41: =0.301-0.125 -> 0.176 | AB41: 0.03 | AC41: 0 | AD41: 0 | AE41: 0 | AF41: 0 | AG41: =SUM(W41:AF41) -> 7.946 | AH41: =(AG41/7) -> 1.1351429 | AI41: =AH41/G41 -> 0.56757143 | AJ41: 10 | AK41: =AG41/AJ41 -> 0.7946
A42: 40 | B42: Household_40 | C42: Nakawa Division | D42: Bukoto 1 | E42: Ssemwogerere | F42: Middle-Income | G42: 4 | H42: 36-60 years | I42: Male | J42: Tertiary | K42: Business | L42: 500,000 - 1,000,000 | M42: Household Head | N42: > 5 years | O42: Occupied by Owner | P42: Bungalow | Q42: Iron Sheets/titles | R42: Bricks | S42: Tiles | T42: Household Connetion | U42: Not Shared Facilities | V42: Unpaved | W42: 15 | X42: 0 | Y42: 0 | Z42: 0 | AA42: =0.19-0.125 -> 0.065 | AB42: =0.569-0.33 -> 0.239 | AC42: =0.272-0.125 -> 0.147 | AD42: 0 | AE42: 0 | AF42: =1.51-0.125 -> 1.385 | AG42: 16.84 | AH42: =AG42/7 -> 2.4057143 | AI42: =AH42/G42 -> 0.60142857 | AJ42: 70 | AK42: 0.24
A43: 41 | B43: Household_41 | C43: Nakawa Division | D43: Bukoto 1 | E43: Ssemwogerere | F43: Middle-Income | G43: 2 | H43: 36-60 years | I43: Male | J43: illiterate | K43: Private Employee | L43: <500,000 | M43: Household Head | N43: 1-3 years | O43: Rented | P43: Bungalow | Q43: Iron Sheets/titles | R43: Bricks | S43: Cemented | T43: Yard Tap | U43: Shared Facilities | V43: Unpaved | W43: 5.46 | X43: =0.38-0.125 -> 0.255 | Y43: 0 | Z43: 0 | AA43: =0.159-0.125 -> 0.034 | AB43: =0.31-0.125 -> 0.185 | AC43: =0.214-0.125 -> 0.089 | AD43: 0 | AE43: 0 | AF43: =0.311-0.125 -> 0.186 | AG43: 6.21 | AH43: =AG43/7 -> 0.88714286 | AI43: =AH43/G43 -> 0.44357143 | AJ43: 8 | AK43: 0.78
A44: 42 | B44: Household_42 | C44: Nakawa Division | D44: Bukoto 1 | E44: Ssemwogerere | F44: Middle-Income | G44: 4 | H44: 36-60 years | I44: Female | J44: Secondary | K44: Private Employee | L44: 500,000 - 1,000,000 | M44: Household Head | N44: < 1 year | O44: Rented | P44: Bungalow | Q44: Iron Sheets/titles | R44: Bricks | S44: Tiles | T44: Household Connetion | U44: Not Shared Facilities | V44: Unpaved | W44: 19.28 | X44: 0 | Y44: 0 | Z44: 0 | AA44: =0.134-0.125 -> 0.009 | AB44: =0.684-0.33 -> 0.354 | AC44: =0.322-0.125 -> 0.197 | AD44: 0 | AE44: 0 | AF44: 0.18 | AG44: 20.02 | AH44: =AG44/7 -> 2.86 | AI44: =AH44/G44 -> 0.715 | AJ44: 40 | AK44: 0.5
A45: 43 | B45: Household_43 | C45: Nakawa Division | D45: Bukoto 1 | E45: Ssemwogerere | F45: Middle-Income | G45: 1 | H45: 36-60 years | I45: Male | J45: Secondary | K45: Business | L45: 500,000 - 1,000,000 | M45: Son/Daughter | N45: > 5 years | O45: Rented | P45: Bungalow | Q45: Iron Sheets/titles | R45: Bricks | S45: Cemented | T45: Household Connetion | U45: Not Shared Facilities | V45: Unpaved | W45: 5.2 | X45: 0 | Y45: 0 | Z45: 0 | AA45: 0 | AB45: =0.212-0.125 -> 0.087 | AC45: =0.44-0.33 -> 0.11 | AD45: 0 | AE45: =0.22-0.125 -> 0.095 | AF45: 0 | AG45: 5.49 | AH45: =AG45/7 -> 0.78428571 | AI45: =AH45/G45 -> 0.78428571 | AJ45: 8 | AK45: 0.69
A46: 44 | B46: Household_44 | C46: Nakawa Division | D46: Bukoto 1 | E46: Ssemwogerere | F46: Middle-Income | G46: 3 | H46: 36-60 years | I46: Female | J46: Tertiary | K46: Private Employee | L46: 500,000 - 1,000,000 | M46: Spouse | N46: > 5 years | O46: Rented | P46: Bungalow | Q46: Iron Sheets/titles | R46: Bricks | S46: Tiles | T46: Household Connetion | U46: Not Shared Facilities | V46: Unpaved | W46: 10.67 | X46: 3.68 | Y46: 0 | Z46: 0 | AA46: 1.56 | AB46: 1 | AC46: 0.32 | AD46: 0.32 | AE46: 0 | AF46: 0.96 | AG46: 18.51 | AH46: =AG46/7 -> 2.6442857 | AI46: =AH46/G46 -> 0.88142857 | AJ46: 50 | AK46: 0.37
A47: 45 | B47: Household_45 | C47: Nakawa Division | D47: Bukoto 1 | E47: Ssemwogerere | F47: Middle-Income | G47: 2 | H47: 18-35 years | I47: Female | J47: Secondary | K47: Business | L47: 500,000 - 1,000,000 | M47: Household Head | N47: < 1 year | O47: Rented | P47: Bungalow | Q47: Iron Sheets/titles | R47: Bricks | S47: Cemented | T47: Public Standpipe | U47: Shared Facilities | V47: Unpaced | W47: 5 | X47: 2.34 | Y47: 0 | Z47: 0 | AA47: 0.05 | AB47: 0.045 | AC47: 0.243 | AD47: 0 | AE47: 0 | AF47: 0.36 | AG47: =SUM(W47:AF47) -> 8.038 | AH47: =AG47/7 -> 1.1482857 | AI47: =AH47/G47 -> 0.57414286 | AJ47: 10 | AK47: =AG47/AJ47 -> 0.8038
A48: 46 | B48: Household_46 | C48: Nakawa Division | D48: Bukoto 1 | E48: Ssemwogerere | F48: Middle-Income | G48: 2 | H48: 36-60 years | I48: Male | J48: Tertiary | K48: Private Employee | L48: 500,000 - 1,000,000 | M48: Household Head | N48: > 5 years | O48: Occupied by Owner | P48: Bungalow | Q48: Iron Sheets/titles | R48: Bricks | S48: Cemented | T48: Yard Tap | U48: Shared Facilities | V48: Unpaved | W48: 8.17 | X48: 0 | Y48: 0 | Z48: 0 | AA48: =0.472-0.125 -> 0.347 | AB48: =0.127-0.125 -> 0.002 | AC48: 0 | AD48: 0 | AE48: 0 | AF48: =1.3 -> 1.3 | AG48: 9.82 | AH48: =AG48/7 -> 1.4028571 | AI48: =AH48/G48 -> 0.70142857 | AJ48: 12 | AK48: 0.82
A49: 47 | B49: Household_47 | C49: Nakawa Division | D49: Bukoto 1 | E49: Ssemwogerere | F49: Middle-Income | G49: 1 | H49: 36-60 years | I49: Male | J49: Tertiary | K49: Government Employee | L49: 500,000 - 1,000,000 | M49: Spouse | N49: 1-3 years | O49: Rented | P49: Bungalow | Q49: Iron Sheets/titles | R49: Bricks | S49: Cemented | T49: Yard Tap | U49: Shared Facilities | V49: Unpaved | W49: =2.286-0.125 -> 2.161 | X49: 0 | Y49: 0 | Z49: 0 | AA49: =0.171-0.125 -> 0.046 | AB49: 0.2 | AC49: =0.141-0.125 -> 0.016 | AD49: 0 | AE49: 0 | AF49: =0.329-0.125 -> 0.204 | AG49: 2.63 | AH49: =AG49/7 -> 0.37571429 | AI49: =AH49/G49 -> 0.37571429 | AJ49: 6 | AK49: 0.44
A50: 48 | B50: Household_48 | C50: Nakawa Division | D50: Bukoto 1 | E50: Ssemwogerere | F50: Middle-Income | G50: 2 | H50: 36-60 years | I50: Female | J50: Tertiary | K50: Private Employee | L50: 500,000 - 1,000,000 | M50: Son/Daughter | N50: > 5 years | O50: Occupied by Owner | P50: Bungalow | Q50: Iron Sheets/titles | R50: Bricks | S50: Cemented | T50: Yard Tap | U50: Shared Facilities | V50: Unpaved | W50: =0.88+6 -> 6.88 | X50: 0 | Y50: =0.225-0.125 -> 0.1 | Z50: =0.164-0.125 -> 0.039 | AA50: =0.48-0.125 -> 0.355 | AB50: =0.562-0.125 -> 0.437 | AC50: =0.472-0.125 -> 0.347 | AD50: 0 | AE50: 0 | AF50: =0.138-0.125 -> 0.013 | AG50: 8.17 | AH50: =AG50/7 -> 1.1671429 | AI50: =AH50/G50 -> 0.58357143 | AJ50: 10 | AK50: 0.82
A51: 49 | B51: Household_49 | C51: Nakawa Division | D51: Bukoto 1 | E51: Ssemwogerere | F51: Middle-Income | G51: 4 | H51: 18-35 years | I51: Male | J51: Tertiary | K51: Business | L51: 500,000 - 1,000,000 | M51: Spouse | N51: < 1 year | O51: Rented | P51: Bungalow | Q51: Iron Sheets/titles | R51: Bricks | S51: Tiles | T51: Household Connetion | U51: Not Shared Facilities | V51: Unpaved | W51: 18.2 | X51: 0 | Y51: 0 | Z51: =0.741-0.33 -> 0.411 | AA51: =0.293-0.125 -> 0.168 | AB51: =0.575-0.125 -> 0.45 | AC51: =0.186-0.125 -> 0.061 | AD51: 0 | AE51: 0 | AF51: 1.48 | AG51: 20.77 | AH51: =AG51/7 -> 2.9671429 | AI51: =AH51/G51 -> 0.74178571 | AJ51: 64 | AK51: 0.32
A52: 50 | B52: Household_50 | C52: Nakawa Division | D52: Bukoto 1 | E52: Ssemwogerere | F52: Middle-Income | G52: 7 | H52: 36-60 years | I52: Female | J52: Tertiary | K52: Retired | L52: <500,000 | M52: Son/Daughter | N52: > 5 years | O52: Occupied by Owner | P52: Bungalow | Q52: Iron Sheets/titles | R52: Bricks | S52: Tiles | T52: Household Connetion | U52: Not Shared Facilities | V52: Unpaved | W52: 32 | X52: 1.73 | Y52: 0 | Z52: 0 | AA52: 2.14 | AB52: 0.98 | AC52: 0.052 | AD52: 0 | AE52: 0 | AF52: 1.09 | AG52: 37.99 | AH52: =AG52/7 -> 5.4271429 | AI52: =AH52/G52 -> 0.77530612 | AJ52: 120 | AK52: 0.32
A53: 51 | B53: Household_51 | C53: Nakawa Division | D53: Bukoto 1 | E53: Ssemwogerere | F53: Middle-Income | G53: 4 | H53: 36-60 years | I53: Female | J53: Tertiary | K53: Private Employee | L53: 500,000 - 1,000,000 | M53: Son/Daughter | N53: > 5 years | O53: Rented | P53: Bungalow | Q53: Iron Sheets/titles | R53: Bricks | S53: Cemented | T53: Yard Tap | U53: Shared Facilities | V53: Unpaved | W53: 14.62 | X53: 2.21 | Y53: 0 | Z53: 0.8 | AA53: 0.64 | AB53: 0.24 | AC53: 0.078 | AD53: 0 | AE53: 0 | AF53: 3.67 | AG53: 22.26 | AH53: =AG53/7 -> 3.18 | AI53: =AH53/G53 -> 0.795 | AJ53: 54 | AK53: 0.41
A54: 52 | B54: Household_52 | C54: Nakawa Division | D54: Bukoto 1 | E54: Ssemwogerere | F54: Middle-Income | G54: 9 | H54: 18-35 years | I54: Female | J54: Tertiary | K54: Government Employee | L54: 500,000 - 1,000,000 | M54: Niece/nephew | N54: 3-5 years | O54: Rented | P54: Bungalow | Q54: Iron Sheets/titles | R54: Bricks | S54: Cemented | T54: Household Connetion | U54: Not Shared Facilities | V54: Unpaved | W54: =31+9.72 -> 40.72 | X54: 0 | Y54: 0 | Z54: 1.76 | AA54: =0.4-0.125 -> 0.275 | AB54: =2-0.33 -> 1.67 | AC54: =(0.546+0.758-0.125*2) -> 1.054 | AD54: 0 | AE54: 0 | AF54: 0 | AG54: 45.479 | AH54: =AG54/7 -> 6.497 | AI54: =AH54/G54 -> 0.72188889 | AJ54: 140 | AK54: 0.325
A55: 53 | B55: Household_53 | C55: Nakawa Division | D55: Bukoto 1 | E55: Ssemwogerere | F55: Middle-Income | G55: 6 | H55: 36-60 years | I55: Male | J55: Secondary | K55: Government Employee | L55: 500,000 - 1,000,000 | M55: Son/Daughter | N55: > 5 years | O55: Occupied by Owner | P55: Bungalow | Q55: Iron Sheets/titles | R55: Bricks | S55: Cemented | T55: Household Connetion | U55: Not Shared Facilities | V55: Unpaved | W55: =2.88*3 -> 8.64 | X55: 0 | Y55: 0 | Z55: =(1.3088-0.125)*3 -> 3.5514 | AA55: =(0.339-0.125)*3 -> 0.642 | AB55: =1.086-0.33 -> 0.756 | AC55: =(0.155-0.125)*3 -> 0.09 | AD55: 0 | AE55: =0.164-0.125 -> 0.039 | AF55: 0 | AG55: 13.7184 | AH55: =AG55/7 -> 1.9597714 | AI55: =AH55/G55 -> 0.32662857 | AJ55: 20 | AK55: 0.686
A56: 54 | B56: Household_54 | C56: Nakawa Division | D56: Bukoto 1 | E56: Ssemwogerere | F56: Middle-Income | G56: 2 | H56: 36-60 years | I56: Female | J56: Tertiary | K56: Government Employee | L56: 500,000 - 1,000,000 | M56: Son/Daughter | N56: 1-3 years | O56: Rented | P56: Bungalow | Q56: Iron Sheets/titles | R56: Bricks | S56: Cemented | T56: Yard Tap | U56: Shared Facilities | V56: Unpaved | W56: 7.61 | X56: 0 | Y56: 0 | Z56: 0 | AA56: 0.005 | AB56: 0.21 | AC56: 0.194 | AD56: 0 | AE56: 0 | AF56: 0 | AG56: 8.019 | AH56: =AG56/7 -> 1.1455714 | AI56: =AH56/G56 -> 0.57278571 | AJ56: 10 | AK56: 0.802
A57: 55 | B57: Household_55 | C57: Nakawa Division | D57: Bukoto 1 | E57: Ssemwogerere | F57: Middle-Income | G57: 4 | H57: > 60 years | I57: Female | J57: Tertiary | K57: Retired | L57: 500,000 - 1,000,000 | M57: Household Head | N57: > 5 years | O57: Occupied by Owner | P57: Bungalow | Q57: Iron Sheets/titles | R57: Bricks | S57: Tiles | T57: Household Connetion | U57: Not Shared Facilities | V57: Unpaved | W57: 20.6 | X57: 0 | Y57: 0 | Z57: 0 | AA57: 0 | AB57: =0.527-0.125 -> 0.402 | AC57: =0.265-0.125 -> 0.14 | AD57: 0 | AE57: 0 | AF57: 1.48 | AG57: 22.622 | AH57: =AG57/7 -> 3.2317143 | AI57: =AH57/G57 -> 0.80792857 | AJ57: 50 | AK57: 0.452
A58: 56 | B58: Household_56 | C58: Nakawa Division | D58: Bukoto 1 | E58: Ssemwogerere | F58: Middle-Income | G58: 2 | H58: 18-35 years | I58: Male | J58: Secondary | K58: Business | L58: 500,000 - 1,000,000 | M58: Household Head | N58: 1-3 years | O58: Rented | P58: Bungalow | Q58: Iron Sheets/titles | R58: Bricks | S58: Tiles | T58: Yard Tap | U58: Shared Facilities | V58: Unpaved | W58: 7 | X58: 0 | Y58: 0 | Z58: 0 | AA58: 0 | AB58: 0 | AC58: =0.251+0.066-0.125 -> 0.192 | AD58: 0.193 | AE58: 0.089 | AF58: 0 | AG58: 7.474 | AH58: =AG58/7 -> 1.0677143 | AI58: =AH58/G58 -> 0.53385714 | AJ58: 10 | AK58: 0.747
A59: 57 | B59: Household_57 | C59: Nakawa Division | D59: Bukoto 1 | E59: Ssemwogerere | F59: Middle-Income | G59: 3 | H59: 36-60 years | I59: Male | J59: Secondary | K59: Business | L59: 500,000 - 1,000,000 | M59: Spouse | N59: > 5 years | O59: Occupied by Owner | P59: Bungalow | Q59: Iron Sheets/titles | R59: Bricks | S59: Tiles | T59: Household Connetion | U59: Not Shared Facilities | V59: Unpaved | W59: =0.577-0.125+4.32+0.2 -> 4.972 | X59: 0 | Y59: 0 | Z59: 0.34 | AA59: 0 | AB59: 0.22 | AC59: =0.44-0.125 -> 0.315 | AD59: 0.218 | AE59: 0 | AF59: 0 | AG59: =SUM(W59:AF59) -> 6.065 | AH59: =AG59/7 -> 0.86642857 | AI59: =AH59/G59 -> 0.28880952 | AJ59: 12 | AK59: =AG59/AJ59 -> 0.50541667
A60: 58 | B60: Household_58 | C60: Nakawa Division | D60: Bukoto 1 | E60: Mukalazi | F60: Middle-Income | G60: 2 | H60: 36-60 years | I60: Male | J60: Secondary | K60: Private Employee | L60: 500,000 - 1,000,000 | M60: Spouse | N60: < 1 year | O60: Rented | P60: Bungalow | Q60: Iron Sheets/titles | R60: Bricks | S60: Cemented | T60: Yard Tap | U60: Shared Facilities | V60: Unpaved | W60: 3.57 | X60: 0 | Y60: 0 | Z60: 0 | AA60: =0.202-0.125 -> 0.077 | AB60: =0.415-0.125 -> 0.29 | AC60: 0.195 | AD60: 0 | AE60: 0.177 | AF60: 2.64 | AG60: 3.379 | AH60: =AG60/7 -> 0.48271429 | AI60: =AH60/G60 -> 0.24135714 | AJ60: 6 | AK60: 0.563
A61: 59 | B61: Household_59 | C61: Nakawa Division | D61: Bukoto 1 | E61: Mukalazi | F61: Middle-Income | G61: 1 | H61: 18-35 years | I61: Female | J61: Tertiary | K61: Private Employee | L61: 500,000 - 1,000,000 | M61: Household Head | N61: > 5 years | O61: Occupied by Owner | P61: Bungalow | Q61: Iron Sheets/titles | R61: Bricks | S61: Tiles | T61: Household Connetion | U61: Not Shared Facilities | V61: Unpaved | W61: =0.577-0.125+4.32 -> 4.772 | X61: 0 | Y61: 0 | Z61: 0 | AA61: 0 | AB61: 0.16 | AC61: =0.44-0.125 -> 0.315 | AD61: 0 | AE61: 0 | AF61: 0 | AG61: 5.247 | AH61: =AG61/7 -> 0.74957143 | AI61: =AH61/G61 -> 0.74957143 | AJ61: 8 | AK61: 0.656
A62: 60 | B62: Household_60 | C62: Nakawa Division | D62: Bukoto 1 | E62: Mukalazi | F62: Middle-Income | G62: 6 | H62: 18-35 years | I62: Male | J62: Secondary | K62: Private Employee | L62: 500,000 - 1,000,000 | M62: Household Head | N62: > 5 years | O62: Rented | P62: Bungalow | Q62: Iron Sheets/titles | R62: Bricks | S62: Tiles | T62: Household Connetion | U62: Not Shared Facilities | V62: Unpaved | W62: 6.28 | X62: 0 | Y62: 0 | Z62: 0.137 | AA62: 0.525 | AB62: =0.583-0.125 -> 0.458 | AC62: =0.174+0.097 -> 0.271 | AD62: 0 | AE62: 0.002 | AF62: 0 | AG62: 7.67 | AH62: =AG62/7 -> 1.0957143 | AI62: =AH62/G62 -> 0.18261905 | AJ62: 10 | AK62: 0.767
A63: 61 | B63: Household_61 | C63: Nakawa Division | D63: Bukoto 1 | E63: Mukalazi | F63: Middle-Income | G63: 2 | H63: 18-35 years | I63: Male | J63: Tertiary | K63: Business | L63: 500,000 - 1,000,000 | M63: Household Head | N63: > 5 years | O63: Occupied by Owner | P63: Bungalow | Q63: Iron Sheets/titles | R63: Bricks | S63: Cemented | T63: Yard Tap | U63: Shared Facilities | V63: Unpaved | W63: 5.22 | X63: 0 | Y63: 0 | Z63: =0.381-0.125 -> 0.256 | AA63: =0.305-0.125 -> 0.18 | AB63: =1.224-0.33 -> 0.894 | AC63: =0.182 -> 0.182 | AD63: 0 | AE63: =0.138-0.125 -> 0.013 | AF63: 1.66 | AG63: 8.41 | AH63: =AG63/7 -> 1.2014286 | AI63: =AH63/G63 -> 0.60071429 | AJ63: 10 | AK63: 0.841
A64: 62 | B64: Household_62 | C64: Nakawa Division | D64: Bukoto 1 | E64: Mukalazi | F64: Middle-Income | G64: 6 | H64: 18-35 years | I64: Male | J64: Primary | K64: Government Employee | L64: 500,000 - 1,000,000 | M64: Son/Daughter | N64: 1-3 years | O64: Rented | P64: Bungalow | Q64: Iron Sheets/titles | R64: Bricks | S64: Tiles | T64: Household Connetion | U64: Not Shared Facilities | V64: Unpaved | W64: 4.48 | X64: 0 | Y64: 0 | Z64: 0 | AA64: =0.614-0.33 -> 0.284 | AB64: 0.295 | AC64: 0 | AD64: 0 | AE64: 0.145 | AF64: =0.788-0.33 -> 0.458 | AG64: 5.662 | AH64: =AG64/7 -> 0.80885714 | AI64: =AH64/G64 -> 0.13480952 | AJ64: 8 | AK64: 0.708
A65: 63 | B65: Household_63 | C65: Nakawa Division | D65: Bukoto 1 | E65: Mukalazi | F65: Middle-Income | G65: 3 | H65: 18-35 years | I65: Female | J65: Secondary | K65: Busness | L65: 500,000 - 1,000,000 | M65: Household Head | N65: > 5 years | O65: Rented | P65: Bungalow | Q65: Iron Sheets/titles | R65: Bricks | S65: Cemented | T65: Yard Tap | U65: Shared Facilities | V65: Unpaved | W65: 4.52 | X65: 0 | Y65: 0 | Z65: 0 | AA65: 0.35 | AB65: 0.364 | AC65: 0.154 | AD65: 0 | AE65: 0 | AF65: 1.03 | AG65: 6.42 | AH65: =AG65/7 -> 0.91714286 | AI65: =AH65/G65 -> 0.30571429 | AJ65: 10 | AK65: 0.642
A66: 64 | B66: Household_64 | C66: Nakawa Division | D66: Bukoto 1 | E66: Mukalazi | F66: Middle-Income | G66: 2 | H66: 18-35 years | I66: Male | J66: Secondary | K66: Business | L66: 500,000 - 1,000,000 | M66: Household Head | N66: 1-3 years | O66: Rented | P66: Bungalow | Q66: Iron Sheets/titles | R66: Bricks | S66: Cemented | T66: Yard Tap | U66: Shared Facilities | V66: Unpaved | W66: 2 | X66: 0 | Y66: 0 | Z66: 0 | AA66: =0.439-0.125 -> 0.314 | AB66: 0.191 | AC66: 0.183 | AD66: 0 | AE66: 0 | AF66: 0 | AG66: 2.688 | AH66: =AG66/7 -> 0.384 | AI66: =AH66/G66 -> 0.192 | AJ66: 4 | AK66: 0.672
A67: 65 | B67: Household_65 | C67: Nakawa Division | D67: Bukoto 1 | E67: Mukalazi | F67: Middle-Income | G67: 1 | H67: 18-35 years | I67: Female | J67: Secondary | K67: Busness | L67: 500,000 - 1,000,000 | M67: Household Head | N67: < 1 year | O67: Occupied by owner | P67: Bungalow | Q67: Iron Sheets/titles | R67: Bricks | S67: Cemented | T67: Yard Tap | U67: Shared Facilities | V67: Unpaved | W67: 3.89 | X67: 0 | Y67: 0 | Z67: 0 | AA67: =0.506-0.125 -> 0.381 | AB67: =0.414-0.125 -> 0.289 | AC67: =0.399-0.125 -> 0.274 | AD67: 0 | AE67: 0 | AF67: 0.53 | AG67: 4.834 | AH67: =AG67/7 -> 0.69057143 | AI67: =AH67/G67 -> 0.69057143 | AJ67: 6 | AK67: 0.806
A68: 66 | B68: Household_66 | C68: Nakawa Division | D68: Bukoto 1 | E68: Mukalazi | F68: Middle-Income | G68: 2 | H68: 36-60 years | I68: Male | J68: Secondary | K68: Private Employee | L68: 500,000 - 1,000,000 | M68: Household Head | N68: > 5 years | O68: Rented | P68: Bungalow | Q68: Iron Sheets/titles | R68: Bricks | S68: Cemented | T68: Yard Tap | U68: Not Shared Facilities | V68: Unpaved | W68: 0.775 | X68: 0 | Y68: 0 | Z68: 0.238 | AA68: 0.332 | AB68: 0.489 | AC68: 0.333 | AD68: 0 | AE68: 0.165 | AF68: 0.189 | AG68: 2.521 | AH68: =AG68/7 -> 0.36014286 | AI68: =AH68/G68 -> 0.18007143 | AJ68: 4 | AK68: 0.63
A69: 67 | B69: Household_67 | C69: Nakawa Division | D69: Bukoto 1 | E69: Mukalazi | F69: Middle-Income | G69: 6 | H69: 36-60 years | I69: Male | J69: Tertiary | K69: Private Employee | L69: 500,000 - 1,000,000 | M69: Son/Daughter | N69: > 5 years | O69: Occupied by Owner | P69: Bungalow | Q69: Iron Sheets/titles | R69: Bricks | S69: Tiles | T69: Household Connetion | U69: Shared Facilities | V69: Unpaved | W69: 16.12 | X69: 0 | Y69: 0 | Z69: 0 | AA69: 0.319 | AB69: 0.561 | AC69: 0.599 | AD69: 0 | AE69: 0.142 | AF69: 0.757 | AG69: 18.498 | AH69: =AG69/7 -> 2.6425714 | AI69: =AH69/G69 -> 0.44042857 | AJ69: 54 | AK69: 0.343
A70: 68 | B70: Household_68 | C70: Nakawa Division | D70: Bukoto 1 | E70: Mukalazi | F70: Middle-Income | G70: 3 | H70: 18-35 years | I70: Male | J70: Tertiary | K70: Private Employee | L70: 500,000 - 1,000,000 | M70: Household Head | N70: 1-3 years | O70: Rented | P70: Bungalow | Q70: Iron Sheets/titles | R70: Bricks | S70: Tiles | T70: Household Connetion | U70: Not Shared Facilities | V70: Unpaved | W70: 10.34 | X70: 0 | Y70: 0 | Z70: 0 | AA70: 0.384 | AB70: 0.348 | AC70: 0.388 | AD70: 0 | AE70: 0 | AF70: 1.129 | AG70: =SUM(W70:AF70) -> 12.589 | AH70: =AG70/7 -> 1.7984286 | AI70: =AH70/G70 -> 0.59947619 | AJ70: 32 | AK70: =AG70/AJ70 -> 0.39340625
A71: 69 | B71: Household_69 | C71: Nakawa Division | D71: Bukoto 1 | E71: Mukalazi | F71: Middle-Income | G71: 6 | H71: 18-35 years | I71: Male | J71: Tertiary | K71: Private Employee | L71: 500,000 - 1,000,000 | M71: Spouse | N71: 1-3 years | O71: Rented | P71: Bungalow | Q71: Iron Sheets/titles | R71: Bricks | S71: Tiles | T71: Household Connetion | U71: Not Shared Facilities | V71: Unpaved | W71: 11.34 | X71: 0 | Y71: 0 | Z71: 0.013 | AA71: 0.294 | AB71: 0.634 | AC71: 0.627 | AD71: 0 | AE71: 0 | AF71: 0 | AG71: =SUM(W71:AF71) -> 12.908 | AH71: =AG71/7 -> 1.844 | AI71: =AH71/G71 -> 0.30733333 | AJ71: 36 | AK71: =AG71/AJ71 -> 0.35855556
A72: 70 | B72: Household_70 | C72: Nakawa Division | D72: Bukoto 1 | E72: Mukalazi | F72: Middle-Income | G72: 7 | H72: > 60 years | I72: Female | J72: Illiterate | K72: Business | L72: 500,000 - 1,000,000 | M72: Household Head | N72: > 5 years | O72: Occupied by Owner | P72: Bungalow | Q72: Iron Sheets/titles | R72: Bricks | S72: Cemented | T72: Public Standpipe | U72: Shared Facilities | V72: Unpaved | W72: 22.38 | X72: 0 | Y72: 0.23 | Z72: 0 | AA72: 0.691 | AB72: 0.579 | AC72: 0.345 | AD72: 0.37 | AE72: 0 | AF72: 2.78 | AG72: 27.375 | AH72: =AG72/7 -> 3.9107143 | AI72: =AH72/G72 -> 0.55867347 | AJ72: 64 | AK72: 0.428
A73: 71 | B73: Household_71 | C73: Nakawa Division | D73: Bukoto 1 | E73: Mukalazi | F73: Middle-Income | G73: 8 | H73: 36-60 years | I73: Male | J73: Tertiary | K73: Business | L73: 500,000 - 1,000,000 | M73: Son/Daughter | N73: > 5 years | O73: Rented | P73: Bungalow | Q73: Iron Sheets/titles | R73: Bricks | S73: Tiles | T73: Household Connetion | U73: Not Shared Facilities | V73: Unpaved | W73: =16.2+7.34 -> 23.54 | X73: 0 | Y73: 0 | Z73: 0 | AA73: 0.678 | AB73: 0.412 | AC73: 0.234 | AD73: 0 | AE73: 0 | AF73: 1.68 | AG73: 26.544 | AH73: =AG73/7 -> 3.792 | AI73: =AH73/G73 -> 0.474 | AJ73: 60 | AK73: 0.442
A74: 72 | B74: Household_72 | C74: Makindye Division | D74: Ggaba | E74: Nsubuga Godioz | F74: High-Income | G74: 6 | H74: >60 years | I74: Male | J74: Tertiary | K74: Business | L74: >3,000,000 | M74: Spouse | N74: > 5 years | O74: Occupied by owner | P74: Story Building | Q74: Iron Sheets/titles | R74: Bricks | S74: Tiles | T74: House Connection | U74: Not Shared Faciltiies | V74: Paved | W74: =21.2+21 -> 42.2 | X74: 0 | Y74: 0 | Z74: 0.153 | AA74: 0.586 | AB74: 0.668 | AC74: 1.03 | AD74: 0 | AE74: 0.963 | AF74: 4.38 | AG74: =SUM(W74:AF74) -> 49.98 | AH74: =AG74/7 -> 7.14 | AI74: =AH74/G74 -> 1.19 | AJ74: 160 | AK74: =AG74/AJ74 -> 0.312375
A75: 73 | B75: Household_73 | C75: Makindye Division | D75: Ggaba | E75: Nsubuga Godioz | F75: High-Income | G75: 9 | H75: 18-35 years | I75: Female | J75: Tertiary | K75: Government Employee | L75: 1,000,000 - 3,000,000 | M75: Household Head | N75: > 5 years | O75: Occupied by owner | P75: Story Building | Q75: Iron Sheets/titles | R75: Bricks | S75: Tiles | T75: House Connection | U75: Not Shared Faciltiies | V75: Paved | W75: =18.5+18.48 -> 36.98 | X75: 2.4 | Y75: 0 | Z75: 0.167 | AA75: 0.345 | AB75: 0.543 | AC75: 0.879 | AD75: 0 | AE75: 0 | AF75: 5.67 | AG75: =SUM(W75:AF75) -> 46.984 | AH75: =AG75/7 -> 6.712 | AI75: =AH75/G75 -> 0.74577778 | AJ75: 150 | AK75: =AG75/AJ75 -> 0.31322667
A76: 74 | B76: Household_74 | C76: Makindye Division | D76: Ggaba | E76: Nsubuga Godioz | F76: High-Income | G76: 8 | H76: >60 years | I76: Male | J76: Tertiary | K76: Private Employee | L76: >3,000,000 | M76: Household Head | N76: > 5 years | O76: Occupied by owner | P76: Story Building | Q76: Iron Sheets/titles | R76: Concrete Blocks | S76: Tiles | T76: House Connection | U76: Not Shared Faciltiies | V76: Paved | W76: 18.62 | X76: 0.534 | Y76: 0 | Z76: 0 | AA76: 0.523 | AB76: 0.782 | AC76: 0.946 | AD76: 0 | AE76: 0.834 | AF76: 0.261 | AG76: =SUM(W76:AF76) -> 22.5 | AH76: =AG76/7 -> 3.2142857 | AI76: =AH76/G76 -> 0.40178571 | AJ76: 80 | AK76: =AG76/AJ76 -> 0.28125
A77: 75 | B77: Household_75 | C77: Makindye Division | D77: Ggaba | E77: Nsubuga Godioz | F77: High-Income | G77: 2 | H77: >60 years | I77: Male | J77: Tertiary | K77: Retired | L77: 1,000,000 - 3,000,000 | M77: Household Head | N77: > 5 years | O77: Occupied by owner | P77: Story Building | Q77: Iron Sheets/titles | R77: Bricks | S77: Tiles | T77: House Connection | U77: Not Shared Faciltiies | V77: Paved | W77: 4.32 | X77: 6.12 | Y77: 0 | Z77: 0 | AA77: 0.128 | AB77: 0.45 | AC77: 0.54 | AD77: 0 | AE77: 0 | AF77: 0 | AG77: =SUM(W77:AF77) -> 11.558 | AH77: =AG77/7 -> 1.6511429 | AI77: =AH77/G77 -> 0.82557143 | AJ77: 36 | AK77: =AG77/AJ77 -> 0.32105556
A78: 76 | B78: Household_76 | C78: Makindye Division | D78: Ggaba | E78: Nsubuga Godioz | F78: High-Income | G78: 4 | H78: 36-60 years | I78: Male | J78: Tertiary | K78: Private Employee | L78: 1,000,000 - 3,000,000 | M78: Household Head | N78: > 5 years | O78: Occupied by owner | P78: Bungalow | Q78: Cemented | R78: Bricks | S78: Tiles | T78: House Connection | U78: Not Shared Faciltiies | V78: Paved | W78: 16.28 | X78: 0 | Y78: 0 | Z78: 0 | AA78: 0 | AB78: 0.345 | AC78: 0.563 | AD78: 0 | AE78: 0.696 | AF78: 3.216 | AG78: =SUM(W78:AF78) -> 21.1 | AH78: =AG78/7 -> 3.0142857 | AI78: =AH78/G78 -> 0.75357143 | AJ78: 68 | AK78: =AG78/AJ78 -> 0.31029412
A79: 77 | B79: Household_77 | C79: Makindye Division | D79: Ggaba | E79: Nsubuga Godioz | F79: High-Income | G79: 6 | H79: 36-60 years | I79: Male | J79: Tertiary | K79: Government Employee | L79: >3,000,000 | M79: Household Head | N79: > 5 years | O79: Occupied by owner | P79: Bungalow | Q79: Iron Sheets/titles | R79: Bricks | S79: Tiles | T79: House Connection | U79: Not Shared Faciltiies | V79: Paved | W79: 42 | X79: 5.784 | Y79: 0 | Z79: 0.216 | AA79: 0.835 | AB79: 2.452 | AC79: 2.675 | AD79: 0 | AE79: 2..674 | AF79: 6.12 | AG79: =SUM(W79:AF79) -> 60.082 | AH79: =AG79/7 -> 8.5831429 | AI79: =AH79/G79 -> 1.4305238 | AJ79: 200 | AK79: =AG79/AJ79 -> 0.30041
A80: 78 | B80: Household_78 | C80: Makindye Division | D80: Ggaba | E80: Nsubuga Godioz | F80: High-Income | G80: 7 | H80: 36-60 years | I80: Male | J80: Tertiary | K80: Government Employee | L80: >3,000,000 | M80: Spouse | N80: > 5 years | O80: Occupied by owner | P80: Story Building | Q80: Iron Sheets/titles | R80: Bricks | S80: Tiles | T80: House Connection | U80: Not Shared Faciltiies | V80: Paved | W80: 46.34 | X80: 4.284 | Y80: 0 | Z80: 0.346 | AA80: 0.785 | AB80: 1.552 | AC80: 0.806 | AD80: 0 | AE80: 0 | AF80: 0 | AG80: =SUM(W80:AF80) -> 54.113 | AH80: =AG80/7 -> 7.7304286 | AI80: =AH80/G80 -> 1.1043469 | AJ80: 186 | AK80: =AG80/AJ80 -> 0.29093011
A81: 79 | B81: Household_79 | C81: Makindye Division | D81: Ggaba | E81: Nsubuga Godioz | F81: High-Income | G81: 3 | H81: 18-35 years | I81: Male | J81: Tertiary | K81: Private Employee | L81: 1,000,000 - 3,000,000 | M81: Household Head | N81: > 5 years | O81: Occupied by owner | P81: Story Building | Q81: Iron Sheets/titles | R81: Bricks | S81: Tiles | T81: House Connection | U81: Not Shared Faciltiies | V81: Paved | W81: 8.366 | X81: 2.56 | Y81: 0 | Z81: 0.17 | AA81: 0.38 | AB81: 0.51 | AC81: 0.42 | AD81: 0 | AE81: 0 | AF81: 0 | AG81: =SUM(W81:AF81) -> 12.406 | AH81: =AG81/7 -> 1.7722857 | AI81: =AH81/G81 -> 0.5907619 | AJ81: 24 | AK81: =AG81/AJ81 -> 0.51691667
A82: 80 | B82: Household_80 | C82: Makindye Division | D82: Ggaba | E82: Nsubuga Godioz | F82: High-Income | G82: 3 | H82: >60 years | I82: Male | J82: Tertiary | K82: Private Employee | L82: >3,000,000 | M82: Household Head | N82: > 5 years | O82: Occupied by owner | P82: Story Building | Q82: Iron Sheets/titles | R82: Bricks | S82: Tiles | T82: House Connection | U82: Not Shared Faciltiies | V82: Unpaved | W82: 20.46 | X82: 0.565 | Y82: 0 | Z82: 0 | AA82: 0.327 | AB82: 0.509 | AC82: 0.873 | AD82: 0 | AE82: 0 | AF82: 2.03 | AG82: =SUM(W82:AF82) -> 24.764 | AH82: =AG82/7 -> 3.5377143 | AI82: =AH82/G82 -> 1.1792381 | AJ82: 74 | AK82: =AG82/AJ82 -> 0.33464865
A83: 81 | B83: Household_81 | C83: Makindye Division | D83: Ggaba | E83: Nsubuga Godioz | F83: High-Income | G83: 5 | H83: 36-60 years | I83: Male | J83: Tertiary | K83: Government Employee | L83: >3,000,000 | M83: Household Head | N83: > 5 years | O83: Rented | P83: Story Building | Q83: Iron Sheets/titles | R83: Bricks | S83: Tiles | T83: House Connection | U83: Not Shared Faciltiies | V83: Paved | W83: 53.52 | X83: 6.342 | Y83: 0 | Z83: 0.234 | AA83: 0.476 | AB83: 1.673 | AC83: 2.346 | AD83: 0 | AE83: 1.095 | AF83: 2.345 | AG83: =SUM(W83:AF83) -> 68.031 | AH83: =AG83/7 -> 9.7187143 | AI83: =AH83/G83 -> 1.9437429 | AJ83: 224 | AK83: =AG83/AJ83 -> 0.30370982
A84: 82 | B84: Household_82 | C84: Makindye Division | D84: Ggaba | E84: Nsubuga Godioz | F84: High-Income | G84: 4 | H84: 36-60 years | I84: Male | J84: Tertiary | K84: Government Employee | L84: >3,000,000 | M84: Household Head | N84: > 5 years | O84: Rented | P84: Story Building | Q84: Iron Sheets/titles | R84: Bricks | S84: Tiles | T84: House Connection | U84: Not Shared Faciltiies | V84: Paved | W84: 42.62 | X84: 3.392 | Y84: 0 | Z84: 0.434 | AA84: 0.696 | AB84: 1.873 | AC84: 1.38 | AD84: 0 | AE84: 0 | AF84: 1.348 | AG84: =SUM(W84:AF84) -> 51.743 | AH84: =AG84/7 -> 7.3918571 | AI84: =AH84/G84 -> 1.8479643 | AJ84: 174 | AK84: =AG84/AJ84 -> 0.29737356
A85: 83 | B85: Household_83 | C85: Makindye Division | D85: Ggaba | E85: Nsubuga Godioz | F85: High-Income | G85: 7 | H85: 36-60 years | I85: Male | J85: Tertiary | K85: Private Employee | L85: >3,000,000 | M85: Household Head | N85: 3-5 years | O85: Rented | P85: Story Building | Q85: Iron Sheets/titles | R85: Bricks | S85: Tiles | T85: House Connection | U85: Not Shared Faciltiies | V85: Paved | W85: 33.5 | X85: 0 | Y85: 0 | Z85: 0.289 | AA85: 0.128 | AB85: 0.543 | AC85: 0.326 | AD85: 0 | AE85: 0 | AF85: 6.08 | AG85: =SUM(W85:AF85) -> 40.866 | AH85: =AG85/7 -> 5.838 | AI85: =AH85/G85 -> 0.834 | AJ85: 110 | AK85: =AG85/AJ85 -> 0.37150909
A86: 84 | B86: Household_84 | C86: Makindye Division | D86: Ggaba | E86: Nsubuga Godioz | F86: High-Income | G86: 3 | H86: >60 years | I86: Male | J86: Tertiary | K86: Private Employee | L86: >3,000,000 | M86: Household Head | N86: > 5 years | O86: Occupied by owner | P86: Story Building | Q86: Iron Sheets/titles | R86: Bricks | S86: Tiles | T86: House Connection | U86: Not Shared Faciltiies | V86: Paved | W86: 9.68 | X86: 0 | Y86: 0 | Z86: 0 | AA86: 0.32 | AB86: 0.372 | AC86: 0.429 | AD86: 0 | AE86: 0 | AF86: 3.94 | AG86: =SUM(W86:AF86) -> 14.741 | AH86: =AG86/7 -> 2.1058571 | AI86: =AH86/3 -> 0.70195238 | AJ86: 54 | AK86: =AG86/AJ86 -> 0.27298148
A87: 85 | B87: Household_85 | C87: Makindye Division | D87: Ggaba | E87: Nsubuga Godioz | F87: High-Income | G87: 8 | H87: >60 years | I87: Male | J87: Tertiary | K87: Private Employee | L87: >3,000,000 | M87: Spouse | N87: > 5 years | O87: Occupied by owner | P87: Bungalow | Q87: Iron Sheets/titles | R87: Bricks | S87: Tiles | T87: House Connection | U87: Not Shared Faciltiies | V87: Unpaved | W87: 21.342 | X87: 0 | Y87: 0 | Z87: 0 | AA87: =0.908+0.643 -> 1.551 | AB87: 1.813 | AC87: =1.14+0.149 -> 1.289 | AD87: =0.205 -> 0.205 | AE87: 0.123 | AF87: 0 | AG87: =SUM(W87:AF87) -> 26.323 | AH87: =AG87/7 -> 3.7604286 | AI87: =AH87/8 -> 0.47005357 | AJ87: 80 | AK87: =AG87/AJ87 -> 0.3290375
A88: 86 | B88: Household_86 | C88: Makindye Division | D88: Ggaba | E88: Nsubuga Godioz | F88: High-Income | G88: 12 | H88: 36-60 years | I88: Male | J88: Secondary | K88: Business | L88: >3,000,000 | M88: Household Head | N88: > 5 years | O88: Occupied by owner | P88: Story Building | Q88: Iron Sheets/titles | R88: Bricks | S88: Tiles | T88: House Connection | U88: Not Shared Faciltiies | V88: Paved | W88: =16.8+2.32 -> 19.12 | X88: 7.26 | Y88: 0 | Z88: 0.55 | AA88: 0.567 | AB88: 0.923 | AC88: 2.125 | AD88: 0 | AE88: 0 | AF88: 3.12 | AG88: =SUM(W88:AF88) -> 33.665 | AH88: =AG88/7 -> 4.8092857 | AI88: =AH88/12 -> 0.40077381 | AJ88: 100 | AK88: =AG88/AJ88 -> 0.33665
A89: 87 | B89: Household_87 | C89: Makindye Division | D89: Ggaba | E89: Nsubuga Godioz | F89: High-Income | G89: 4 | H89: 36-60 years | I89: Male | J89: Tertiary | K89: Private Employee | L89: 1,000,000 - 3,000,000 | M89: Household Head | N89: > 5 years | O89: Occupied by owner | P89: Story Building | Q89: Iron Sheets/titles | R89: Bricks | S89: Tiles | T89: House Connection | U89: Not Shared Faciltiies | V89: Paved | W89: =16+16.19 -> 32.19 | X89: 0 | Y89: 0 | Z89: 0 | AA89: 0.587 | AB89: 0.82 | AC89: 0.963 | AD89: 0 | AE89: 0 | AF89: 0 | AG89: =SUM(W89:AF89) -> 34.56 | AH89: =AG89/7 -> 4.9371429 | AI89: =AH89/G89 -> 1.2342857 | AJ89: 112 | AK89: =AG89/AJ89 -> 0.30857143
A90: 88 | B90: Household_88 | C90: Makindye Division | D90: Ggaba | E90: Nsubuga Godioz | F90: High-Income | G90: 7 | H90: >60 years | I90: Male | J90: Tertiary | K90: Retired | L90: 1,000,000 - 3,000,000 | M90: Household Head | N90: > 5 years | O90: Occupied by owner | P90: Bungalow | Q90: Iron Sheets/titles | R90: Bricks | S90: Tiles | T90: House Connection | U90: Not Shared Faciltiies | V90: Paved | W90: =37.58+16.3 -> 53.88 | X90: 8.03 | Y90: 0 | Z90: 0 | AA90: 0.925 | AB90: 0.7586 | AC90: 1.043 | AD90: 0 | AE90: 0 | AF90: 4.07 | AG90: =SUM(W90:AF90) -> 68.7066 | AH90: =AG90/7 -> 9.8152286 | AI90: =AH90/G90 -> 1.4021755 | AJ90: 244 | AK90: =AG90/AJ90 -> 0.28158443
A91: 89 | B91: Household_89 | C91: Makindye Division | D91: Ggaba | E91: Nsubuga Godioz | F91: High-Income | G91: 5 | H91: >60 years | I91: Male | J91: Tertiary | K91: Retired | L91: 1,000,000 - 3,000,000 | M91: Spouse | N91: > 5 years | O91: Occupied by owner | P91: Bungalow | Q91: Iron Sheets/titles | R91: Bricks | S91: Tiles | T91: House Connection | U91: Not Shared Faciltiies | V91: Paved | W91: 5.89 | X91: 4.76 | Y91: 0.8 | Z91: 0 | AA91: 0.29 | AB91: 0.45 | AC91: 0.54 | AD91: 0 | AE91: 0 | AF91: 0 | AG91: =SUM(W91:AF91) -> 12.73 | AH91: =AG91/7 -> 1.8185714 | AI91: =AH91/G91 -> 0.36371429 | AJ91: 34 | AK91: =AG91/AJ91 -> 0.37441176
A92: 90 | B92: Household_90 | C92: Makindye Division | D92: Ggaba | E92: Nsubuga Godioz | F92: High-Income | G92: 3 | H92: >60 years | I92: Female | J92: Tertiary | K92: Retired | L92: 1,000,000 - 3,000,000 | M92: Household Head | N92: > 5 years | O92: Occupied by owner | P92: Story Building | Q92: Iron Sheets/titles | R92: Bricks | S92: Tiles | T92: House Connection | U92: Not Shared Faciltiies | V92: Paved | W92: =10+16.18 -> 26.18 | X92: 0 | Y92: 0 | Z92: 0 | AA92: 0.237 | AB92: 0.72 | AC92: 0.763 | AD92: 0 | AE92: 0 | AF92: 0 | AG92: =SUM(W92:AF92) -> 27.9 | AH92: =AG92/7 -> 3.9857143 | AI92: =AH92/G92 -> 1.3285714 | AJ92: 84 | AK92: =AG92/AJ92 -> 0.33214286
A93: 91 | B93: Household_91 | C93: Makindye Division | D93: Ggaba | E93: Nsubuga Godioz | F93: High-Income | G93: 3 | H93: >60 years | I93: Male | J93: Tertiary | K93: Business | L93: >3,000,000 | M93: Spouse | N93: > 5 years | O93: Occupied by owner | P93: Story Building | Q93: Iron Sheets/titles | R93: Bricks | S93: Tiles | T93: House Connection | U93: Not Shared Faciltiies | V93: Paved | W93: 12.66 | X93: 0 | Y93: 0 | Z93: 0.16 | AA93: 0.69 | AB93: 0.48 | AC93: 0.47 | AD93: 0 | AE93: 0 | AF93: 1.26 | AG93: =SUM(W93:AF93) -> 15.72 | AH93: =AG93/7 -> 2.2457143 | AI93: =AH93/G93 -> 0.74857143 | AJ93: 44 | AK93: =AG93/AJ93 -> 0.35727273
A94: 92 | B94: Household_92 | C94: Makindye Division | D94: Ggaba | E94: Nsubuga Godioz | F94: High-Income | G94: 6 | H94: 36-60 years | I94: Male | J94: Tertiary | K94: Government Employee | L94: 1,000,000 - 3,000,000 | M94: Household Head | N94: > 5 years | O94: Occupied by owner | P94: Story Building | Q94: Iron Sheets/titles | R94: Bricks | S94: Tiles | T94: House Connection | U94: Not Shared Faciltiies | V94: Paved | W94: 34.42 | X94: 6.42 | Y94: 0 | Z94: 0 | AA94: 0.631 | AB94: 0.319 | AC94: 1.173 | AD94: 0 | AE94: 0.408 | AF94: 1.908 | AG94: =SUM(W94:AF94) -> 45.279 | AH94: =AG94/7 -> 6.4684286 | AI94: =AH94/6 -> 1.0780714 | AJ94: 148 | AK94: =AG94/AJ94 -> 0.30593919
A95: 93 | B95: Household_93 | C95: Makindye Division | D95: Ggaba | E95: Nsubuga Godioz | F95: High-Income | G95: 3 | H95: >60 years | I95: Male | J95: Tertiary | K95: Business | L95: 1,000,000 - 3,000,000 | M95: Son/Daughter | N95: > 5 years | O95: Occupied by owner | P95: Bungalow | Q95: Iron Sheets/titles | R95: Bricks | S95: Tiles | T95: House Connection | U95: Not Shared Faciltiies | V95: Paved | W95: 15.62 | X95: 3.7 | Y95: 0 | Z95: 0 | AA95: 0.313 | AB95: 0.497 | AC95: 0.681 | AD95: 0 | AE95: 0 | AF95: 0 | AG95: =SUM(W95:AF95) -> 20.811 | AH95: =AG95/7 -> 2.973 | AI95: =AH95/4 -> 0.74325 | AJ95: 64 | AK95: =AG95/AJ95 -> 0.32517187
A96: 94 | B96: Household_94 | C96: Makindye Division | D96: Ggaba | E96: Nsubuga Godioz | F96: High-Income | G96: 7 | H96: 36-60 years | I96: Male | J96: Tertiary | K96: Government Employee | L96: >3,000,000 | M96: Household Head | N96: > 5 years | O96: Occupied by owner | P96: Bungalow | Q96: Iron Sheets/titles | R96: Bricks | S96: Tiles | T96: House Connection | U96: Not Shared Faciltiies | V96: Paved | W96: 37.58 | X96: 8 | Y96: 0 | Z96: 0 | AA96: 2.506 | AB96: 3.14 | AC96: 5.13 | AD96: 0 | AE96: 0.954 | AF96: 7.312 | AG96: =SUM(W96:AF96) -> 64.622 | AH96: =AG96/7 -> 9.2317143 | AI96: =AH96/G96 -> 1.3188163 | AJ96: 220 | AK96: =AG96/AJ96 -> 0.29373636
A97: 95 | B97: Household_95 | C97: Makindye Division | D97: Ggaba | E97: Nsubuga Godioz | F97: High-Income | G97: 6 | H97: 36-60 years | I97: Female | J97: Tertiary | K97: Private Employee | L97: >3,000,000 | M97: Household Head | N97: > 5 years | O97: Occupied by owner | P97: Bungalow | Q97: Iron Sheets/titles | R97: Bricks | S97: Tiles | T97: House Connection | U97: Not Shared Faciltiies | V97: Paved | W97: 33.38 | X97: 2.38 | Y97: 0 | Z97: 0.673 | AA97: 0.567 | AB97: 0.881 | AC97: 2.18 | AD97: 0.219 | AE97: 0.714 | AF97: 3.07 | AG97: =SUM(W97:AF97) -> 44.064 | AH97: =AG97/7 -> 6.2948571 | AI97: =AH97/G97 -> 1.0491429 | AJ97: 144 | AK97: =AG97/AJ97 -> 0.306
A98: 96 | B98: Household_96 | C98: Makindye Division | D98: Ggaba | E98: Nsubuga Godioz | F98: High-Income | G98: 4 | H98: 36-60 years | I98: Female | J98: Tertiary | K98: Business | L98: 1,000,000 - 3,000,000 | M98: Son/Daughter | N98: > 5 years | O98: Occupied by owner | P98: Bungalow | Q98: Iron Sheets/titles | R98: Bricks | S98: Tiles | T98: House Connection | U98: Not Shared Faciltiies | V98: Paved | W98: 18.82 | X98: 4.76 | Y98: 0 | Z98: 0 | AA98: 0.213 | AB98: 0.327 | AC98: 0.468 | AD98: 0 | AE98: 0 | AF98: 0 | AG98: =SUM(W98:AF98) -> 24.588 | AH98: =AG98/7 -> 3.5125714 | AI98: =AH98/4 -> 0.87814286 | AJ98: 70 | AK98: =AG98/AJ98 -> 0.35125714
A99: 97 | B99: Household_97 | C99: Makindye Division | D99: Ggaba | E99: Nsubuga Godioz | F99: High-Income | G99: 4 | H99: 18-35 years | I99: Female | J99: Tertiary | K99: Private Employee | L99: 1,000,000 - 3,000,000 | M99: Household Head | N99: > 5 years | O99: Occupied by owner | P99: Story Building | Q99: Iron Sheets/titles | R99: Bricks | S99: Tiles | T99: House Connection | U99: Not Shared Faciltiies | V99: Paved | W99: 20.5 | X99: 2.5 | Y99: 0 | Z99: 0 | AA99: 0 | AB99: 0.5 | AC99: 1.5 | AD99: 0 | AE99: 0 | AF99: 1.05 | AG99: =SUM(W99:AF99) -> 26.05 | AH99: =AG99/7 -> 3.7214286 | AI99: =AH99/G99 -> 0.93035714 | AJ99: 74 | AK99: =AG99/AJ99 -> 0.35202703
A100: 98 | B100: Household_98 | C100: Makindye Division | D100: Ggaba | E100: Nsubuga Godioz | F100: High-Income | G100: 5 | H100: 18-35 years | I100: Female | J100: Tertiary | K100: Private Employee | L100: 1,000,000 - 3,000,000 | M100: Household Head | N100: > 5 years | O100: Occupied by owner | P100: Bungalow | Q100: Iron Sheets/titles | R100: Bricks | S100: Tiles | T100: House Connection | U100: Not Shared Faciltiies | V100: Paved | W100: 28.31 | X100: 3.25 | Y100: 0 | Z100: 0 | AA100: 0 | AB100: 0.703 | AC100: 1.812 | AD100: 0 | AE100: 0 | AF100: 0.346 | AG100: =SUM(W100:AF100) -> 34.421 | AH100: =AG100/7 -> 4.9172857 | AI100: =AH100/G100 -> 0.98345714 | AJ100: 110 | AK100: =AG100/AJ100 -> 0.31291818
...

Sheet Codes
A1: Variable | B1: Categories | C1: Num. code
A2: Number | B2: N/A | C2: N/A
A3: Household ID | B3: N/A | C3: N/A
A4: Division | B4: Kawempe Division
B5: Nakawa Division
B6: Makindye Division
A7: Parish | B7: N/A | C7: N/A
A8: Zone | B8: N/A | C8: N/A
A9: Income Level | B9: High income
B10: Middle income
B11: Low income
A12: Number of occupants | B12: N/A | C12: N/A
A13: Age of Household head | B13: <18 | C13: 1
B14: 18 - 35 | C14: 2
B15: 35 - 60 | C15: 3
B16: >60 | C16: 4
A17: Gender of Household head | B17: Male | C17: 0
B18: Female | C18: 1
A19: Education level of Household head | B19: Illiterate | C19: 1 | D19: 0 | E19: 0 | F19: 0
B20: Primary | C20: 0 | D20: 1 | E20: 0 | F20: 0
B21: Secondary | C21: 0 | D21: 0 | E21: 1 | F21: 0
B22: Tertiary | C22: 0 | D22: 0 | E22: 0 | F22: 1
A23: Profession of Household head | B23: Government employee | C23: 1 | D23: 0 | E23: 0 | F23: 0 | G23: 0 | H23: 0
B24: Private employee | C24: 0 | D24: 1 | E24: 0 | F24: 0 | G24: 0 | H24: 0
B25: Business | C25: 0 | D25: 0 | E25: 1 | F25: 0 | G25: 0 | H25: 0
B26: Student | C26: 0 | D26: 0 | E26: 0 | F26: 1 | G26: 0 | H26: 0
B27: Housewife | C27: 0 | D27: 0 | E27: 0 | F27: 0 | G27: 1 | H27: 0
B28: Retired | C28: 0 | D28: 0 | E28: 0 | F28: 0 | G28: 0 | H28: 1
A29: Monthly income | B29: <500,000 | C29: 1
B30: 500,000 - 1,000,000 | C30: 2
B31: 1,000,000 - 3,000,000 | C31: 3
B32: >3000000 | C32: 4
A33: Respondent | B33: Spouse | C33: 1
B34: Son/Daughter | C34: 0 | D34: 1 | E34: 0 | F34: 0 | G34: 0 | H34: 0 | I34: 0
B35: Step child | C35: 0 | D35: 0 | E35: 1 | F35: 0 | G35: 0 | H35: 0 | I35: 0
B36: Grand child | C36: 0 | D36: 0 | E36: 0 | F36: 1 | G36: 0 | H36: 0 | I36: 0
B37: Sister/brother | C37: 0 | D37: 0 | E37: 0 | F37: 0 | G37: 1 | H37: 0 | I37: 0
B38: Niece/nephew | C38: 0 | D38: 0 | E38: 0 | F38: 0 | G38: 0 | H38: 1 | I38: 0
B39: Other relative | C39: 0 | D39: 0 | E39: 0 | F39: 0 | G39: 0 | H39: 0 | I39: 1
A40: Period of Stay in the area | B40: < 1 years | C40: 1
B41: 1 - 3 years | C41: 2
B42: 3 - 5 years | C42: 3
B43: > 5 years | C43: 4
A44: Type of Occupancy | B44: Occupied by owner | C44: 0
B45: Rented | C45: 1
A46: Quality of Housing | B46: Bungalow | C46: 1 | D46: 0 | E46: 0
B47: Temporary | C47: 0 | D47: 1 | E47: 0
B48: Story building | C48: 0 | D48: 0 | E48: 1
A49: Roof Material | B49: Iron sheets/tiles | C49: 0
B50: Cemented | C50: 1
A51: Wall material | B51: Concrete Blocks | C51: 1 | D51: 0 | E51: 0
B52: Bricks | C52: 0 | D52: 1 | E52: 0
B53: Mudpoles | C53: 0 | D53: 0 | E53: 1
A54: Floor Material | B54: Tiles | C54: 1 | D54: 0 | E54: 0
B55: Cemented | C55: 0 | D55: 1 | E55: 0
B56: Mud | C56: 0 | D56: 0 | E56: 1
A57: Access to clean Water | B57: House connections | C57: 1 | D57: 0 | E57: 0
B58: Yard tap | C58: 0 | D58: 1 | E58: 0
B59: Stand pipe | C59: 0 | D59: 0 | E59: 1
A60: Sanitation Facilities | B60: Shared Facilities | C60: 0
B61: Not shared Facilities | C61: 1
A62: Condition of access road | B62: Paved | C62: 0
B63: Unpaved | C63: 1

Sheet Encoded Data
A1: No. | B1: Household ID | C1: Division | D1: Parish | E1: Zone | F1: Socio-economic factors (from proposal) | P1: Other household charactristics investigated | W1: Housing facilities | AM1: Amount of olid waste collected over 7days (kg) | AW1: Total waste generated(kg) | AX1: Generation per day (kg/day) | AY1: Per Capita Generation(kg/day) | AZ1: Volume(L) | BA1: Density(kg/L)
F2: Income level | G2: Number of occupants | H2: Age of household head | I2: Gender of Household head | J2: Education level of Household head | K2: Profession of Household head | R2: Respondent | X2: Quality of Housing | AB2: Wall material | AE2: Floor Material | AH2: Access to clean Water
K3: Government employee | L3: Private employee | M3: Business | N3: Student | O3: Housewife | P3: Retired | Q3: Monthly income | R3: Spouse | S3: Son/Daughter | T3: Niece/nephew | U3: Household head | V3: Period of Stay in the area | W3: Type of occupancy | X3: Bungalow | Y3: Temporary | Z3: Story building | AA3: Roof material | AB3: Concrete Blocks | AC3: Bricks | AD3: Mudpoles | AE3: Tiles | AF3: Cemented | AG3: Mud | AH3: House connections | AI3: Yard tap | AJ3: Stand pipe | AK3: Sanitation Facilities | AL3: Condition of access road | AM3: Food Waste | AN3: Garden and Yard wastes | AO3: Wood | AP3: Textiles | AQ3: Paper and pulp | AR3: Polythene Bags | AS3: Plastics and Rubber | AT3: Glass | AU3: Metals | AV3: Others
A4: 1 | B4: Household_1 | C4: Kawenpe Division | D4: Bwaise I | E4: Lubagge | F4: =IF(All_data!F3="low-income",1,IF(All_data!F3="Middle-Income",2,IF(All_data!F3="High-Income",3,"check"))) -> 1 | G4: 3 | H4: =IF(All_data!H3="18-35 years",2,IF(All_data!H3="36-60 years",3,IF(All_data!H3=">60 years",4,1))) -> 2 | I4: =IF(All_data!I3="Male",0,1) -> 0 | J4: =IF(All_data!J3="Illiterate",1,IF(All_data!J3="Primary",2,IF(All_data!J3="secondary",3,IF(All_data!J3="Tertiary",4,"check")))) -> 3 | K4: =IF(All_data!K3="Government Employee",1,0) -> 0 | L4: =IF(All_data!K3="Private Employee",1,0) -> 0 | M4: =IF(All_data!K3="Business",1,0) -> 1 | N4: =IF(All_data!K3="Student",1,0) -> 0 | O4: =IF(All_data!K3="Housewife",1,0) -> 0 | P4: =IF(All_data!K3="Retired",1,0) -> 0 | Q4: =IF(All_data!L3="<500,000",1,IF(All_data!L3="500,000 - 1,000,000",2,IF(All_data!L3="1,000,000 - 3,000,000",3,IF(All_data!L3=">3,000,000",4,"check")))) -> 1 | R4: =IF(All_data!M3="Spouse",1,0) -> 1 | S4: =IF(All_data!M3="Son/Daughter",1,0) -> 0 | T4: =IF(All_data!M3="Niece/nephew",1,0) -> 0 | U4: =IF(All_data!M3="Household head",1,0) -> 0 | V4: =IF(All_data!N3="< 1 year",1,IF(All_data!N3="1-3 years",2,IF(All_data!N3="3-5 years",3,IF(All_data!N3="> 5 years",4,"check")))) -> 2 | W4: =IF(All_data!O3="Rented",1,0) -> 1 | X4: =IF(All_data!P3="Bungalow",1,0) -> 1 | Y4: =IF(All_data!P3="Temporary",1,0) -> 0 | Z4: =IF(All_data!P3="Story Building",1,0) -> 0 | AA4: =IF(All_data!Q3="Iron Sheets/titles",1,0) -> 1 | AB4: =IF(All_data!R3="Concrete Blocks",1,0) -> 0 | AC4: =IF(All_data!R3="Bricks",1,0) -> 1 | AD4: =IF(All_data!R3="Mud/poles",1,0) -> 0 | AE4: =IF(All_data!S3="tiles",1,0) -> 0 | AF4: =IF(All_data!S3="Cemented",1,0) -> 1 | AG4: =IF(All_data!S3="Mud",1,0) -> 0 | AH4: =IF(All_data!T3="House connection",1,0) -> 0 | AI4: =IF(All_data!T3="Yard tap",1,0) -> 1 | AJ4: =IF(All_data!T3="Stand pipe",1,0) -> 0 | AK4: =IF(All_data!U3="Shared Facilities ",1,0) -> 1 | AL4: =IF(All_data!V3="paved",0,1) -> 1 | AM4: 6.99 | AN4: 0.094 | AO4: 0 | AP4: 0.027 | AQ4: 0.017 | AR4: 0.077 | AS4: 0.077 | AT4: 0 | AU4: 0 | AV4: 0.042 | AW4: 7.324 | AX4: 1.0462857 | AY4: 0.3487619 | AZ4: 10 | BA4: 0.474
A5: 2 | B5: Household_2 | C5: Kawenpe Division | D5: Bwaise I | E5: Lubagge | F5: =IF(All_data!F4="low-income",1,IF(All_data!F4="Middle-Income",2,IF(All_data!F4="High-Income",3,"check"))) -> 1 | G5: 7 | H5: =IF(All_data!H4="18-35 years",2,IF(All_data!H4="36-60 years",3,IF(All_data!H4=">60 years",4,1))) -> 3 | I5: =IF(All_data!I4="Male",0,1) -> 0 | J5: =IF(All_data!J4="Illiterate",1,IF(All_data!J4="Primary",2,IF(All_data!J4="secondary",3,IF(All_data!J4="Tertiary",4,"check")))) -> 1 | K5: =IF(All_data!K4="Government Employee",1,0) -> 0 | L5: =IF(All_data!K4="Private Employee",1,0) -> 0 | M5: =IF(All_data!K4="Business",1,0) -> 1 | N5: =IF(All_data!K4="Student",1,0) -> 0 | O5: =IF(All_data!K4="Housewife",1,0) -> 0 | P5: =IF(All_data!K4="Retired",1,0) -> 0 | Q5: =IF(All_data!L4="<500,000",1,IF(All_data!L4="500,000 - 1,000,000",2,IF(All_data!L4="1,000,000 - 3,000,000",3,IF(All_data!L4=">3,000,000",4,"check")))) -> 2 | R5: =IF(All_data!M4="Spouse",1,0) -> 0 | S5: =IF(All_data!M4="Son/Daughter",1,0) -> 1 | T5: =IF(All_data!M4="Niece/nephew",1,0) -> 0 | U5: =IF(All_data!M4="Household head",1,0) -> 0 | V5: =IF(All_data!N4="< 1 year",1,IF(All_data!N4="1-3 years",2,IF(All_data!N4="3-5 years",3,IF(All_data!N4="> 5 years",4,"check")))) -> 4 | W5: =IF(All_data!O4="Rented",1,0) -> 0 | X5: =IF(All_data!P4="Bungalow",1,0) -> 1 | Y5: =IF(All_data!P4="Temporary",1,0) -> 0 | Z5: =IF(All_data!P4="Story Building",1,0) -> 0 | AA5: =IF(All_data!Q4="Iron Sheets/titles",1,0) -> 1 | AB5: =IF(All_data!R4="Concrete Blocks",1,0) -> 0 | AC5: =IF(All_data!R4="Bricks",1,0) -> 1 | AD5: =IF(All_data!R4="Mud/poles",1,0) -> 0 | AE5: =IF(All_data!S4="tiles",1,0) -> 1 | AF5: =IF(All_data!S4="Cemented",1,0) -> 0 | AG5: =IF(All_data!S4="Mud",1,0) -> 0 | AH5: =IF(All_data!T4="House connection",1,0) -> 0 | AI5: =IF(All_data!T4="Yard tap",1,0) -> 1 | AJ5: =IF(All_data!T4="Stand pipe",1,0) -> 0 | AK5: =IF(All_data!U4="Shared Facilities ",1,0) -> 0 | AL5: =IF(All_data!V4="paved",0,1) -> 1 | AM5: 12.43 | AN5: 0 | AO5: 0 | AP5: 0.041 | AQ5: 0.3 | AR5: 0.217 | AS5: 0.138 | AT5: 0 | AU5: 0 | AV5: 0 | AW5: 13.126 | AX5: 1.8751429 | AY5: 0.26787755 | AZ5: 30 | BA5: 0.43753333
A6: 3 | B6: Household_3 | C6: Kawenpe Division | D6: Bwaise I | E6: Lubagge | F6: =IF(All_data!F5="low-income",1,IF(All_data!F5="Middle-Income",2,IF(All_data!F5="High-Income",3,"check"))) -> 1 | G6: 6 | H6: =IF(All_data!H5="18-35 years",2,IF(All_data!H5="36-60 years",3,IF(All_data!H5=">60 years",4,1))) -> 3 | I6: =IF(All_data!I5="Male",0,1) -> 1 | J6: =IF(All_data!J5="Illiterate",1,IF(All_data!J5="Primary",2,IF(All_data!J5="secondary",3,IF(All_data!J5="Tertiary",4,"check")))) -> 3 | K6: =IF(All_data!K5="Government Employee",1,0) -> 0 | L6: =IF(All_data!K5="Private Employee",1,0) -> 0 | M6: =IF(All_data!K5="Business",1,0) -> 1 | N6: =IF(All_data!K5="Student",1,0) -> 0 | O6: =IF(All_data!K5="Housewife",1,0) -> 0 | P6: =IF(All_data!K5="Retired",1,0) -> 0 | Q6: =IF(All_data!L5="<500,000",1,IF(All_data!L5="500,000 - 1,000,000",2,IF(All_data!L5="1,000,000 - 3,000,000",3,IF(All_data!L5=">3,000,000",4,"check")))) -> 2 | R6: =IF(All_data!M5="Spouse",1,0) -> 0 | S6: =IF(All_data!M5="Son/Daughter",1,0) -> 0 | T6: =IF(All_data!M5="Niece/nephew",1,0) -> 0 | U6: =IF(All_data!M5="Household head",1,0) -> 1 | V6: =IF(All_data!N5="< 1 year",1,IF(All_data!N5="1-3 years",2,IF(All_data!N5="3-5 years",3,IF(All_data!N5="> 5 years",4,"check")))) -> 4 | W6: =IF(All_data!O5="Rented",1,0) -> 0 | X6: =IF(All_data!P5="Bungalow",1,0) -> 1 | Y6: =IF(All_data!P5="Temporary",1,0) -> 0 | Z6: =IF(All_data!P5="Story Building",1,0) -> 0 | AA6: =IF(All_data!Q5="Iron Sheets/titles",1,0) -> 1 | AB6: =IF(All_data!R5="Concrete Blocks",1,0) -> 0 | AC6: =IF(All_data!R5="Bricks",1,0) -> 1 | AD6: =IF(All_data!R5="Mud/poles",1,0) -> 0 | AE6: =IF(All_data!S5="tiles",1,0) -> 1 | AF6: =IF(All_data!S5="Cemented",1,0) -> 0 | AG6: =IF(All_data!S5="Mud",1,0) -> 0 | AH6: =IF(All_data!T5="House connection",1,0) -> 0 | AI6: =IF(All_data!T5="Yard tap",1,0) -> 1 | AJ6: =IF(All_data!T5="Stand pipe",1,0) -> 0 | AK6: =IF(All_data!U5="Shared Facilities ",1,0) -> 1 | AL6: =IF(All_data!V5="paved",0,1) -> 1 | AM6: 0 | AN6: 0 | AO6: 0 | AP6: 0 | AQ6: 0 | AR6: 4.56 | AS6: 0 | AT6: 0 | AU6: 0 | AV6: 0 | AW6: 4.56 | AX6: 0.65142857 | AY6: 0.10857143 | AZ6: 12 | BA6: 0.38
A7: 4 | B7: Household_4 | C7: Kawenpe Division | D7: Bwaise I | E7: Bubajjwe | F7: =IF(All_data!F6="low-income",1,IF(All_data!F6="Middle-Income",2,IF(All_data!F6="High-Income",3,"check"))) -> 1 | G7: 11 | H7: =IF(All_data!H6="18-35 years",2,IF(All_data!H6="36-60 years",3,IF(All_data!H6=">60 years",4,1))) -> 4 | I7: =IF(All_data!I6="Male",0,1) -> 0 | J7: =IF(All_data!J6="Illiterate",1,IF(All_data!J6="Primary",2,IF(All_data!J6="secondary",3,IF(All_data!J6="Tertiary",4,"check")))) -> 3 | K7: =IF(All_data!K6="Government Employee",1,0) -> 0 | L7: =IF(All_data!K6="Private Employee",1,0) -> 0 | M7: =IF(All_data!K6="Business",1,0) -> 0 | N7: =IF(All_data!K6="Student",1,0) -> 0 | O7: =IF(All_data!K6="Housewife",1,0) -> 0 | P7: =IF(All_data!K6="Retired",1,0) -> 1 | Q7: =IF(All_data!L6="<500,000",1,IF(All_data!L6="500,000 - 1,000,000",2,IF(All_data!L6="1,000,000 - 3,000,000",3,IF(All_data!L6=">3,000,000",4,"check")))) -> 2 | R7: =IF(All_data!M6="Spouse",1,0) -> 0 | S7: =IF(All_data!M6="Son/Daughter",1,0) -> 0 | T7: =IF(All_data!M6="Niece/nephew",1,0) -> 0 | U7: =IF(All_data!M6="Household head",1,0) -> 1 | V7: =IF(All_data!N6="< 1 year",1,IF(All_data!N6="1-3 years",2,IF(All_data!N6="3-5 years",3,IF(All_data!N6="> 5 years",4,"check")))) -> 4 | W7: =IF(All_data!O6="Rented",1,0) -> 0 | X7: =IF(All_data!P6="Bungalow",1,0) -> 1 | Y7: =IF(All_data!P6="Temporary",1,0) -> 0 | Z7: =IF(All_data!P6="Story Building",1,0) -> 0 | AA7: =IF(All_data!Q6="Iron Sheets/titles",1,0) -> 1 | AB7: =IF(All_data!R6="Concrete Blocks",1,0) -> 0 | AC7: =IF(All_data!R6="Bricks",1,0) -> 1 | AD7: =IF(All_data!R6="Mud/poles",1,0) -> 0 | AE7: =IF(All_data!S6="tiles",1,0) -> 0 | AF7: =IF(All_data!S6="Cemented",1,0) -> 1 | AG7: =IF(All_data!S6="Mud",1,0) -> 0 | AH7: =IF(All_data!T6="House connection",1,0) -> 0 | AI7: =IF(All_data!T6="Yard tap",1,0) -> 1 | AJ7: =IF(All_data!T6="Stand pipe",1,0) -> 0 | AK7: =IF(All_data!U6="Shared Facilities ",1,0) -> 0 | AL7: =IF(All_data!V6="paved",0,1) -> 1 | AM7: 6.12 | AN7: 10.47 | AO7: 0.154 | AP7: 0.955 | AQ7: 0.131 | AR7: 0.616 | AS7: 0.009 | AT7: 0 | AU7: 0 | AV7: 1.115 | AW7: 19.57 | AX7: 2.7957143 | AY7: 0.25415584 | AZ7: 70 | BA7: 0.27957143
A8: 5 | B8: Household_5 | C8: Kawenpe Division | D8: Bwaise I | E8: Bubajjwe | F8: =IF(All_data!F7="low-income",1,IF(All_data!F7="Middle-Income",2,IF(All_data!F7="High-Income",3,"check"))) -> 1 | G8: 2 | H8: =IF(All_data!H7="18-35 years",2,IF(All_data!H7="36-60 years",3,IF(All_data!H7=">60 years",4,1))) -> 2 | I8: =IF(All_data!I7="Male",0,1) -> 1 | J8: =IF(All_data!J7="Illiterate",1,IF(All_data!J7="Primary",2,IF(All_data!J7="secondary",3,IF(All_data!J7="Tertiary",4,"check")))) -> 4 | K8: =IF(All_data!K7="Government Employee",1,0) -> 0 | L8: =IF(All_data!K7="Private Employee",1,0) -> 1 | M8: =IF(All_data!K7="Business",1,0) -> 0 | N8: =IF(All_data!K7="Student",1,0) -> 0 | O8: =IF(All_data!K7="Housewife",1,0) -> 0 | P8: =IF(All_data!K7="Retired",1,0) -> 0 | Q8: =IF(All_data!L7="<500,000",1,IF(All_data!L7="500,000 - 1,000,000",2,IF(All_data!L7="1,000,000 - 3,000,000",3,IF(All_data!L7=">3,000,000",4,"check")))) -> 2 | R8: =IF(All_data!M7="Spouse",1,0) -> 0 | S8: =IF(All_data!M7="Son/Daughter",1,0) -> 0 | T8: =IF(All_data!M7="Niece/nephew",1,0) -> 0 | U8: =IF(All_data!M7="Household head",1,0) -> 1 | V8: =IF(All_data!N7="< 1 year",1,IF(All_data!N7="1-3 years",2,IF(All_data!N7="3-5 years",3,IF(All_data!N7="> 5 years",4,"check")))) -> 4 | W8: =IF(All_data!O7="Rented",1,0) -> 0 | X8: =IF(All_data!P7="Bungalow",1,0) -> 0 | Y8: =IF(All_data!P7="Temporary",1,0) -> 1 | Z8: =IF(All_data!P7="Story Building",1,0) -> 0 | AA8: =IF(All_data!Q7="Iron Sheets/titles",1,0) -> 1 | AB8: =IF(All_data!R7="Concrete Blocks",1,0) -> 0 | AC8: =IF(All_data!R7="Bricks",1,0) -> 1 | AD8: =IF(All_data!R7="Mud/poles",1,0) -> 0 | AE8: =IF(All_data!S7="tiles",1,0) -> 1 | AF8: =IF(All_data!S7="Cemented",1,0) -> 0 | AG8: =IF(All_data!S7="Mud",1,0) -> 0 | AH8: =IF(All_data!T7="House connection",1,0) -> 1 | AI8: =IF(All_data!T7="Yard tap",1,0) -> 0 | AJ8: =IF(All_data!T7="Stand pipe",1,0) -> 0 | AK8: =IF(All_data!U7="Shared Facilities ",1,0) -> 0 | AL8: =IF(All_data!V7="paved",0,1) -> 1 | AM8: 4.02 | AN8: 0 | AO8: 0 | AP8: 0 | AQ8: 0 | AR8: 0.05 | AS8: 0 | AT8: 0 | AU8: 0 | AV8: 0 | AW8: 4.07 | AX8: 0.58142857 | AY8: 0.29071429 | AZ8: 8 | BA8: 0.50875
A9: 6 | B9: Household_6 | C9: Kawenpe Division | D9: Bwaise I | E9: Bubajjwe | F9: =IF(All_data!F8="low-income",1,IF(All_data!F8="Middle-Income",2,IF(All_data!F8="High-Income",3,"check"))) -> 1 | G9: 7 | H9: =IF(All_data!H8="18-35 years",2,IF(All_data!H8="36-60 years",3,IF(All_data!H8=">60 years",4,1))) -> 2 | I9: =IF(All_data!I8="Male",0,1) -> 1 | J9: =IF(All_data!J8="Illiterate",1,IF(All_data!J8="Primary",2,IF(All_data!J8="secondary",3,IF(All_data!J8="Tertiary",4,"check")))) -> 2 | K9: =IF(All_data!K8="Government Employee",1,0) -> 0 | L9: =IF(All_data!K8="Private Employee",1,0) -> 0 | M9: =IF(All_data!K8="Business",1,0) -> 0 | N9: =IF(All_data!K8="Student",1,0) -> 0 | O9: =IF(All_data!K8="Housewife",1,0) -> 0 | P9: =IF(All_data!K8="Retired",1,0) -> 1 | Q9: =IF(All_data!L8="<500,000",1,IF(All_data!L8="500,000 - 1,000,000",2,IF(All_data!L8="1,000,000 - 3,000,000",3,IF(All_data!L8=">3,000,000",4,"check")))) -> 1 | R9: =IF(All_data!M8="Spouse",1,0) -> 0 | S9: =IF(All_data!M8="Son/Daughter",1,0) -> 0 | T9: =IF(All_data!M8="Niece/nephew",1,0) -> 0 | U9: =IF(All_data!M8="Household head",1,0) -> 1 | V9: =IF(All_data!N8="< 1 year",1,IF(All_data!N8="1-3 years",2,IF(All_data!N8="3-5 years",3,IF(All_data!N8="> 5 years",4,"check")))) -> 4 | W9: =IF(All_data!O8="Rented",1,0) -> 0 | X9: =IF(All_data!P8="Bungalow",1,0) -> 1 | Y9: =IF(All_data!P8="Temporary",1,0) -> 0 | Z9: =IF(All_data!P8="Story Building",1,0) -> 0 | AA9: =IF(All_data!Q8="Iron Sheets/titles",1,0) -> 1 | AB9: =IF(All_data!R8="Concrete Blocks",1,0) -> 0 | AC9: =IF(All_data!R8="Bricks",1,0) -> 1 | AD9: =IF(All_data!R8="Mud/poles",1,0) -> 0 | AE9: =IF(All_data!S8="tiles",1,0) -> 0 | AF9: =IF(All_data!S8="Cemented",1,0) -> 1 | AG9: =IF(All_data!S8="Mud",1,0) -> 0 | AH9: =IF(All_data!T8="House connection",1,0) -> 0 | AI9: =IF(All_data!T8="Yard tap",1,0) -> 0 | AJ9: =IF(All_data!T8="Stand pipe",1,0) -> 1 | AK9: =IF(All_data!U8="Shared Facilities ",1,0) -> 0 | AL9: =IF(All_data!V8="paved",0,1) -> 1 | AM9: 0.154 | AN9: 0 | AO9: 0 | AP9: 0.176 | AQ9: 0.02 | AR9: 0.029 | AS9: 0.707 | AT9: 0 | AU9: 0 | AV9: 0.035 | AW9: 1.121 | AX9: 0.16014286 | AY9: 0.022877551 | AZ9: 14 | BA9: 0.080071429
A10: 7 | B10: Household_7 | C10: Kawenpe Division | D10: Bwaise I | E10: Bubajjwe | F10: =IF(All_data!F9="low-income",1,IF(All_data!F9="Middle-Income",2,IF(All_data!F9="High-Income",3,"check"))) -> 1 | G10: 4 | H10: =IF(All_data!H9="18-35 years",2,IF(All_data!H9="36-60 years",3,IF(All_data!H9=">60 years",4,1))) -> 3 | I10: =IF(All_data!I9="Male",0,1) -> 1 | J10: =IF(All_data!J9="Illiterate",1,IF(All_data!J9="Primary",2,IF(All_data!J9="secondary",3,IF(All_data!J9="Tertiary",4,"check")))) -> 3 | K10: =IF(All_data!K9="Government Employee",1,0) -> 0 | L10: =IF(All_data!K9="Private Employee",1,0) -> 0 | M10: =IF(All_data!K9="Business",1,0) -> 1 | N10: =IF(All_data!K9="Student",1,0) -> 0 | O10: =IF(All_data!K9="Housewife",1,0) -> 0 | P10: =IF(All_data!K9="Retired",1,0) -> 0 | Q10: =IF(All_data!L9="<500,000",1,IF(All_data!L9="500,000 - 1,000,000",2,IF(All_data!L9="1,000,000 - 3,000,000",3,IF(All_data!L9=">3,000,000",4,"check")))) -> 1 | R10: =IF(All_data!M9="Spouse",1,0) -> 0 | S10: =IF(All_data!M9="Son/Daughter",1,0) -> 0 | T10: =IF(All_data!M9="Niece/nephew",1,0) -> 0 | U10: =IF(All_data!M9="Household head",1,0) -> 1 | V10: =IF(All_data!N9="< 1 year",1,IF(All_data!N9="1-3 years",2,IF(All_data!N9="3-5 years",3,IF(All_data!N9="> 5 years",4,"check")))) -> 4 | W10: =IF(All_data!O9="Rented",1,0) -> 1 | X10: =IF(All_data!P9="Bungalow",1,0) -> 1 | Y10: =IF(All_data!P9="Temporary",1,0) -> 0 | Z10: =IF(All_data!P9="Story Building",1,0) -> 0 | AA10: =IF(All_data!Q9="Iron Sheets/titles",1,0) -> 1 | AB10: =IF(All_data!R9="Concrete Blocks",1,0) -> 0 | AC10: =IF(All_data!R9="Bricks",1,0) -> 1 | AD10: =IF(All_data!R9="Mud/poles",1,0) -> 0 | AE10: =IF(All_data!S9="tiles",1,0) -> 0 | AF10: =IF(All_data!S9="Cemented",1,0) -> 1 | AG10: =IF(All_data!S9="Mud",1,0) -> 0 | AH10: =IF(All_data!T9="House connection",1,0) -> 0 | AI10: =IF(All_data!T9="Yard tap",1,0) -> 0 | AJ10: =IF(All_data!T9="Stand pipe",1,0) -> 1 | AK10: =IF(All_data!U9="Shared Facilities ",1,0) -> 1 | AL10: =IF(All_data!V9="paved",0,1) -> 1 | AM10: 33.9 | AN10: 0 | AO10: 0 | AP10: 0 | AQ10: 0 | AR10: 0 | AS10: 0 | AT10: 0 | AU10: 0 | AV10: 0 | AW10: 33.9 | AX10: 4.8428571 | AY10: 1.2107143 | AZ10: 100 | BA10: 0.339
A11: 8 | B11: Household_8 | C11: Kawenpe Division | D11: Bwaise I | E11: Bubajjwe | F11: =IF(All_data!F10="low-income",1,IF(All_data!F10="Middle-Income",2,IF(All_data!F10="High-Income",3,"check"))) -> 1 | G11: 3 | H11: =IF(All_data!H10="18-35 years",2,IF(All_data!H10="36-60 years",3,IF(All_data!H10=">60 years",4,1))) -> 2 | I11: =IF(All_data!I10="Male",0,1) -> 1 | J11: =IF(All_data!J10="Illiterate",1,IF(All_data!J10="Primary",2,IF(All_data!J10="secondary",3,IF(All_data!J10="Tertiary",4,"check")))) -> 2 | K11: =IF(All_data!K10="Government Employee",1,0) -> 0 | L11: =IF(All_data!K10="Private Employee",1,0) -> 0 | M11: =IF(All_data!K10="Business",1,0) -> 1 | N11: =IF(All_data!K10="Student",1,0) -> 0 | O11: =IF(All_data!K10="Housewife",1,0) -> 0 | P11: =IF(All_data!K10="Retired",1,0) -> 0 | Q11: =IF(All_data!L10="<500,000",1,IF(All_data!L10="500,000 - 1,000,000",2,IF(All_data!L10="1,000,000 - 3,000,000",3,IF(All_data!L10=">3,000,000",4,"check")))) -> 1 | R11: =IF(All_data!M10="Spouse",1,0) -> 0 | S11: =IF(All_data!M10="Son/Daughter",1,0) -> 0 | T11: =IF(All_data!M10="Niece/nephew",1,0) -> 0 | U11: =IF(All_data!M10="Household head",1,0) -> 1 | V11: =IF(All_data!N10="< 1 year",1,IF(All_data!N10="1-3 years",2,IF(All_data!N10="3-5 years",3,IF(All_data!N10="> 5 years",4,"check")))) -> 3 | W11: =IF(All_data!O10="Rented",1,0) -> 1 | X11: =IF(All_data!P10="Bungalow",1,0) -> 1 | Y11: =IF(All_data!P10="Temporary",1,0) -> 0 | Z11: =IF(All_data!P10="Story Building",1,0) -> 0 | AA11: =IF(All_data!Q10="Iron Sheets/titles",1,0) -> 1 | AB11: =IF(All_data!R10="Concrete Blocks",1,0) -> 0 | AC11: =IF(All_data!R10="Bricks",1,0) -> 1 | AD11: =IF(All_data!R10="Mud/poles",1,0) -> 0 | AE11: =IF(All_data!S10="tiles",1,0) -> 0 | AF11: =IF(All_data!S10="Cemented",1,0) -> 1 | AG11: =IF(All_data!S10="Mud",1,0) -> 0 | AH11: =IF(All_data!T10="House connection",1,0) -> 0 | AI11: =IF(All_data!T10="Yard tap",1,0) -> 0 | AJ11: =IF(All_data!T10="Stand pipe",1,0) -> 1 | AK11: =IF(All_data!U10="Shared Facilities ",1,0) -> 1 | AL11: =IF(All_data!V10="paved",0,1) -> 1 | AM11: 9.12 | AN11: 0 | AO11: 0 | AP11: 0.568 | AQ11: 0.038 | AR11: 0 | AS11: 0 | AT11: 0 | AU11: 0.124 | AV11: 0.45 | AW11: 10.3 | AX11: 1.4714286 | AY11: 0.49047619 | AZ11: 34 | BA11: 0.30294118
A12: 9 | B12: Household_9 | C12: Kawenpe Division | D12: Bwaise I | E12: Bubajjwe | F12: =IF(All_data!F11="low-income",1,IF(All_data!F11="Middle-Income",2,IF(All_data!F11="High-Income",3,"check"))) -> 1 | G12: 2 | H12: =IF(All_data!H11="18-35 years",2,IF(All_data!H11="36-60 years",3,IF(All_data!H11=">60 years",4,1))) -> 3 | I12: =IF(All_data!I11="Male",0,1) -> 1 | J12: =IF(All_data!J11="Illiterate",1,IF(All_data!J11="Primary",2,IF(All_data!J11="secondary",3,IF(All_data!J11="Tertiary",4,"check")))) -> 2 | K12: =IF(All_data!K11="Government Employee",1,0) -> 0 | L12: =IF(All_data!K11="Private Employee",1,0) -> 0 | M12: =IF(All_data!K11="Business",1,0) -> 1 | N12: =IF(All_data!K11="Student",1,0) -> 0 | O12: =IF(All_data!K11="Housewife",1,0) -> 0 | P12: =IF(All_data!K11="Retired",1,0) -> 0 | Q12: =IF(All_data!L11="<500,000",1,IF(All_data!L11="500,000 - 1,000,000",2,IF(All_data!L11="1,000,000 - 3,000,000",3,IF(All_data!L11=">3,000,000",4,"check")))) -> 1 | R12: =IF(All_data!M11="Spouse",1,0) -> 0 | S12: =IF(All_data!M11="Son/Daughter",1,0) -> 0 | T12: =IF(All_data!M11="Niece/nephew",1,0) -> 0 | U12: =IF(All_data!M11="Household head",1,0) -> 1 | V12: =IF(All_data!N11="< 1 year",1,IF(All_data!N11="1-3 years",2,IF(All_data!N11="3-5 years",3,IF(All_data!N11="> 5 years",4,"check")))) -> 2 | W12: =IF(All_data!O11="Rented",1,0) -> 1 | X12: =IF(All_data!P11="Bungalow",1,0) -> 1 | Y12: =IF(All_data!P11="Temporary",1,0) -> 0 | Z12: =IF(All_data!P11="Story Building",1,0) -> 0 | AA12: =IF(All_data!Q11="Iron Sheets/titles",1,0) -> 1 | AB12: =IF(All_data!R11="Concrete Blocks",1,0) -> 0 | AC12: =IF(All_data!R11="Bricks",1,0) -> 1 | AD12: =IF(All_data!R11="Mud/poles",1,0) -> 0 | AE12: =IF(All_data!S11="tiles",1,0) -> 0 | AF12: =IF(All_data!S11="Cemented",1,0) -> 1 | AG12: =IF(All_data!S11="Mud",1,0) -> 0 | AH12: =IF(All_data!T11="House connection",1,0) -> 0 | AI12: =IF(All_data!T11="Yard tap",1,0) -> 1 | AJ12: =IF(All_data!T11="Stand pipe",1,0) -> 0 | AK12: =IF(All_data!U11="Shared Facilities ",1,0) -> 1 | AL12: =IF(All_data!V11="paved",0,1) -> 1 | AM12: 11.5 | AN12: 0 | AO12: 0 | AP12: 0 | AQ12: 0 | AR12: 0.048 | AS12: 0 | AT12: 0 | AU12: 0 | AV12: 0 | AW12: 11.548 | AX12: 1.6497143 | AY12: 0.82485714 | AZ12: 40 | BA12: 0.2887
A13: 10 | B13: Household_10 | C13: Kawenpe Division | D13: Bwaise I | E13: Bubajjwe | F13: =IF(All_data!F12="low-income",1,IF(All_data!F12="Middle-Income",2,IF(All_data!F12="High-Income",3,"check"))) -> 1 | G13: 3 | H13: =IF(All_data!H12="18-35 years",2,IF(All_data!H12="36-60 years",3,IF(All_data!H12=">60 years",4,1))) -> 2 | I13: =IF(All_data!I12="Male",0,1) -> 1 | J13: =IF(All_data!J12="Illiterate",1,IF(All_data!J12="Primary",2,IF(All_data!J12="secondary",3,IF(All_data!J12="Tertiary",4,"check")))) -> 2 | K13: =IF(All_data!K12="Government Employee",1,0) -> 0 | L13: =IF(All_data!K12="Private Employee",1,0) -> 0 | M13: =IF(All_data!K12="Business",1,0) -> 1 | N13: =IF(All_data!K12="Student",1,0) -> 0 | O13: =IF(All_data!K12="Housewife",1,0) -> 0 | P13: =IF(All_data!K12="Retired",1,0) -> 0 | Q13: =IF(All_data!L12="<500,000",1,IF(All_data!L12="500,000 - 1,000,000",2,IF(All_data!L12="1,000,000 - 3,000,000",3,IF(All_data!L12=">3,000,000",4,"check")))) -> 1 | R13: =IF(All_data!M12="Spouse",1,0) -> 0 | S13: =IF(All_data!M12="Son/Daughter",1,0) -> 1 | T13: =IF(All_data!M12="Niece/nephew",1,0) -> 0 | U13: =IF(All_data!M12="Household head",1,0) -> 0 | V13: =IF(All_data!N12="< 1 year",1,IF(All_data!N12="1-3 years",2,IF(All_data!N12="3-5 years",3,IF(All_data!N12="> 5 years",4,"check")))) -> 4 | W13: =IF(All_data!O12="Rented",1,0) -> 1 | X13: =IF(All_data!P12="Bungalow",1,0) -> 1 | Y13: =IF(All_data!P12="Temporary",1,0) -> 0 | Z13: =IF(All_data!P12="Story Building",1,0) -> 0 | AA13: =IF(All_data!Q12="Iron Sheets/titles",1,0) -> 1 | AB13: =IF(All_data!R12="Concrete Blocks",1,0) -> 0 | AC13: =IF(All_data!R12="Bricks",1,0) -> 1 | AD13: =IF(All_data!R12="Mud/poles",1,0) -> 0 | AE13: =IF(All_data!S12="tiles",1,0) -> 0 | AF13: =IF(All_data!S12="Cemented",1,0) -> 1 | AG13: =IF(All_data!S12="Mud",1,0) -> 0 | AH13: =IF(All_data!T12="House connection",1,0) -> 0 | AI13: =IF(All_data!T12="Yard tap",1,0) -> 0 | AJ13: =IF(All_data!T12="Stand pipe",1,0) -> 1 | AK13: =IF(All_data!U12="Shared Facilities ",1,0) -> 0 | AL13: =IF(All_data!V12="paved",0,1) -> 1 | AM13: 10.3 | AN13: 0 | AO13: 0 | AP13: 0 | AQ13: 0.098 | AR13: 0 | AS13: 0.153 | AT13: 0 | AU13: 0 | AV13: 0.019 | AW13: 10.57 | AX13: 1.51 | AY13: 0.50333333 | AZ13: 20 | BA13: 0.5285
A14: 11 | B14: Household_11 | C14: Kawenpe Division | D14: Bwaise I | E14: Bubajjwe | F14: =IF(All_data!F13="low-income",1,IF(All_data!F13="Middle-Income",2,IF(All_data!F13="High-Income",3,"check"))) -> 1 | G14: 2 | H14: =IF(All_data!H13="18-35 years",2,IF(All_data!H13="36-60 years",3,IF(All_data!H13=">60 years",4,1))) -> 3 | I14: =IF(All_data!I13="Male",0,1) -> 1 | J14: =IF(All_data!J13="Illiterate",1,IF(All_data!J13="Primary",2,IF(All_data!J13="secondary",3,IF(All_data!J13="Tertiary",4,"check")))) -> 2 | K14: =IF(All_data!K13="Government Employee",1,0) -> 0 | L14: =IF(All_data!K13="Private Employee",1,0) -> 0 | M14: =IF(All_data!K13="Business",1,0) -> 1 | N14: =IF(All_data!K13="Student",1,0) -> 0 | O14: =IF(All_data!K13="Housewife",1,0) -> 0 | P14: =IF(All_data!K13="Retired",1,0) -> 0 | Q14: =IF(All_data!L13="<500,000",1,IF(All_data!L13="500,000 - 1,000,000",2,IF(All_data!L13="1,000,000 - 3,000,000",3,IF(All_data!L13=">3,000,000",4,"check")))) -> 2 | R14: =IF(All_data!M13="Spouse",1,0) -> 0 | S14: =IF(All_data!M13="Son/Daughter",1,0) -> 1 | T14: =IF(All_data!M13="Niece/nephew",1,0) -> 0 | U14: =IF(All_data!M13="Household head",1,0) -> 0 | V14: =IF(All_data!N13="< 1 year",1,IF(All_data!N13="1-3 years",2,IF(All_data!N13="3-5 years",3,IF(All_data!N13="> 5 years",4,"check")))) -> 3 | W14: =IF(All_data!O13="Rented",1,0) -> 1 | X14: =IF(All_data!P13="Bungalow",1,0) -> 1 | Y14: =IF(All_data!P13="Temporary",1,0) -> 0 | Z14: =IF(All_data!P13="Story Building",1,0) -> 0 | AA14: =IF(All_data!Q13="Iron Sheets/titles",1,0) -> 1 | AB14: =IF(All_data!R13="Concrete Blocks",1,0) -> 0 | AC14: =IF(All_data!R13="Bricks",1,0) -> 1 | AD14: =IF(All_data!R13="Mud/poles",1,0) -> 0 | AE14: =IF(All_data!S13="tiles",1,0) -> 0 | AF14: =IF(All_data!S13="Cemented",1,0) -> 1 | AG14: =IF(All_data!S13="Mud",1,0) -> 0 | AH14: =IF(All_data!T13="House connection",1,0) -> 0 | AI14: =IF(All_data!T13="Yard tap",1,0) -> 0 | AJ14: =IF(All_data!T13="Stand pipe",1,0) -> 1 | AK14: =IF(All_data!U13="Shared Facilities ",1,0) -> 0 | AL14: =IF(All_data!V13="paved",0,1) -> 1 | AM14: 6.64 | AN14: 0 | AO14: 0 | AP14: 0.025 | AQ14: 0.1 | AR14: 0 | AS14: 0 | AT14: 0 | AU14: 0 | AV14: 0 | AW14: 6.765 | AX14: 0.96642857 | AY14: 0.48321429 | AZ14: 24 | BA14: 0.281875
A15: 12 | B15: Household_12 | C15: Kawenpe Division | D15: Bwaise I | E15: Bishop Mukwaya | F15: =IF(All_data!F14="low-income",1,IF(All_data!F14="Middle-Income",2,IF(All_data!F14="High-Income",3,"check"))) -> 1 | G15: 4 | H15: =IF(All_data!H14="18-35 years",2,IF(All_data!H14="36-60 years",3,IF(All_data!H14=">60 years",4,1))) -> 2 | I15: =IF(All_data!I14="Male",0,1) -> 0 | J15: =IF(All_data!J14="Illiterate",1,IF(All_data!J14="Primary",2,IF(All_data!J14="secondary",3,IF(All_data!J14="Tertiary",4,"check")))) -> 3 | K15: =IF(All_data!K14="Government Employee",1,0) -> 0 | L15: =IF(All_data!K14="Private Employee",1,0) -> 0 | M15: =IF(All_data!K14="Business",1,0) -> 0 | N15: =IF(All_data!K14="Student",1,0) -> 0 | O15: =IF(All_data!K14="Housewife",1,0) -> 1 | P15: =IF(All_data!K14="Retired",1,0) -> 0 | Q15: =IF(All_data!L14="<500,000",1,IF(All_data!L14="500,000 - 1,000,000",2,IF(All_data!L14="1,000,000 - 3,000,000",3,IF(All_data!L14=">3,000,000",4,"check")))) -> 1 | R15: =IF(All_data!M14="Spouse",1,0) -> 0 | S15: =IF(All_data!M14="Son/Daughter",1,0) -> 0 | T15: =IF(All_data!M14="Niece/nephew",1,0) -> 0 | U15: =IF(All_data!M14="Household head",1,0) -> 1 | V15: =IF(All_data!N14="< 1 year",1,IF(All_data!N14="1-3 years",2,IF(All_data!N14="3-5 years",3,IF(All_data!N14="> 5 years",4,"check")))) -> 4 | W15: =IF(All_data!O14="Rented",1,0) -> 0 | X15: =IF(All_data!P14="Bungalow",1,0) -> 1 | Y15: =IF(All_data!P14="Temporary",1,0) -> 0 | Z15: =IF(All_data!P14="Story Building",1,0) -> 0 | AA15: =IF(All_data!Q14="Iron Sheets/titles",1,0) -> 1 | AB15: =IF(All_data!R14="Concrete Blocks",1,0) -> 0 | AC15: =IF(All_data!R14="Bricks",1,0) -> 1 | AD15: =IF(All_data!R14="Mud/poles",1,0) -> 0 | AE15: =IF(All_data!S14="tiles",1,0) -> 1 | AF15: =IF(All_data!S14="Cemented",1,0) -> 0 | AG15: =IF(All_data!S14="Mud",1,0) -> 0 | AH15: =IF(All_data!T14="House connection",1,0) -> 1 | AI15: =IF(All_data!T14="Yard tap",1,0) -> 0 | AJ15: =IF(All_data!T14="Stand pipe",1,0) -> 0 | AK15: =IF(All_data!U14="Shared Facilities ",1,0) -> 0 | AL15: =IF(All_data!V14="paved",0,1) -> 1 | AM15: 8.52 | AN15: 0 | AO15: 0 | AP15: 0.055 | AQ15: 0 | AR15: 0 | AS15: 0 | AT15: 0.029 | AU15: 0 | AV15: 0.329 | AW15: 8.933 | AX15: 1.2761429 | AY15: 0.31903571 | AZ15: 30 | BA15: 0.29776667
... A79: 76 | B79: Household_76 | C79: Makindye Division | D79: Ggaba | E79: Nsubuga Godioz | F79: =IF(All_data!F78="low-income",1,IF(All_data!F78="Middle-Income",2,IF(All_data!F78="High-Income",3,"check"))) -> 3 | G79: 4 | H79: =IF(All_data!H78="18-35 years",2,IF(All_data!H78="36-60 years",3,IF(All_data!H78=">60 years",4,1))) -> 3 | I79: =IF(All_data!I78="Male",0,1) -> 0 | J79: =IF(All_data!J78="Illiterate",1,IF(All_data!J78="Primary",2,IF(All_data!J78="secondary",3,IF(All_data!J78="Tertiary",4,"check")))) -> 4 | K79: =IF(All_data!K78="Government Employee",1,0) -> 0 | L79: =IF(All_data!K78="Private Employee",1,0) -> 1 | M79: =IF(All_data!K78="Business",1,0) -> 0 | N79: =IF(All_data!K78="Student",1,0) -> 0 | O79: =IF(All_data!K78="Housewife",1,0) -> 0 | P79: =IF(All_data!K78="Retired",1,0) -> 0 | Q79: =IF(All_data!L78="<500,000",1,IF(All_data!L78="500,000 - 1,000,000",2,IF(All_data!L78="1,000,000 - 3,000,000",3,IF(All_data!L78=">3,000,000",4,"check")))) -> 3 | R79: =IF(All_data!M78="Spouse",1,0) -> 0 | S79: =IF(All_data!M78="Son/Daughter",1,0) -> 0 | T79: =IF(All_data!M78="Niece/nephew",1,0) -> 0 | U79: =IF(All_data!M78="Household head",1,0) -> 1 | V79: =IF(All_data!N78="< 1 year",1,IF(All_data!N78="1-3 years",2,IF(All_data!N78="3-5 years",3,IF(All_data!N78="> 5 years",4,"check")))) -> 4 | W79: =IF(All_data!O78="Rented",1,0) -> 0 | X79: =IF(All_data!P78="Bungalow",1,0) -> 1 | Y79: =IF(All_data!P78="Temporary",1,0) -> 0 | Z79: =IF(All_data!P78="Story Building",1,0) -> 0 | AA79: =IF(All_data!Q78="Iron Sheets/titles",1,0) -> 0 | AB79: =IF(All_data!R78="Concrete Blocks",1,0) -> 0 | AC79: =IF(All_data!R78="Bricks",1,0) -> 1 | AD79: =IF(All_data!R78="Mud/poles",1,0) -> 0 | AE79: =IF(All_data!S78="tiles",1,0) -> 1 | AF79: =IF(All_data!S78="Cemented",1,0) -> 0 | AG79: =IF(All_data!S78="Mud",1,0) -> 0 | AH79: =IF(All_data!T78="House connection",1,0) -> 1 | AI79: =IF(All_data!T78="Yard tap",1,0) -> 0 | AJ79: =IF(All_data!T78="Stand pipe",1,0) -> 0 | AK79: =IF(All_data!U78="Shared Facilities ",1,0) -> 0 | AL79: =IF(All_data!V78="paved",0,1) -> 0 | AM79: 16.28 | AN79: 0 | AO79: 0 | AP79: 0 | AQ79: 0 | AR79: 0.345 | AS79: 0.563 | AT79: 0 | AU79: 0.696 | AV79: 3.216 | AW79: 21.1 | AX79: 3.0142857 | AY79: 0.75357143 | AZ79: 68 | BA79: 0.31029412
A80: 77 | B80: Household_77 | C80: Makindye Division | D80: Ggaba | E80: Nsubuga Godioz | F80: =IF(All_data!F79="low-income",1,IF(All_data!F79="Middle-Income",2,IF(All_data!F79="High-Income",3,"check"))) -> 3 | G80: 6 | H80: =IF(All_data!H79="18-35 years",2,IF(All_data!H79="36-60 years",3,IF(All_data!H79=">60 years",4,1))) -> 3 | I80: =IF(All_data!I79="Male",0,1) -> 0 | J80: =IF(All_data!J79="Illiterate",1,IF(All_data!J79="Primary",2,IF(All_data!J79="secondary",3,IF(All_data!J79="Tertiary",4,"check")))) -> 4 | K80: =IF(All_data!K79="Government Employee",1,0) -> 1 | L80: =IF(All_data!K79="Private Employee",1,0) -> 0 | M80: =IF(All_data!K79="Business",1,0) -> 0 | N80: =IF(All_data!K79="Student",1,0) -> 0 | O80: =IF(All_data!K79="Housewife",1,0) -> 0 | P80: =IF(All_data!K79="Retired",1,0) -> 0 | Q80: =IF(All_data!L79="<500,000",1,IF(All_data!L79="500,000 - 1,000,000",2,IF(All_data!L79="1,000,000 - 3,000,000",3,IF(All_data!L79=">3,000,000",4,"check")))) -> 4 | R80: =IF(All_data!M79="Spouse",1,0) -> 0 | S80: =IF(All_data!M79="Son/Daughter",1,0) -> 0 | T80: =IF(All_data!M79="Niece/nephew",1,0) -> 0 | U80: =IF(All_data!M79="Household head",1,0) -> 1 | V80: =IF(All_data!N79="< 1 year",1,IF(All_data!N79="1-3 years",2,IF(All_data!N79="3-5 years",3,IF(All_data!N79="> 5 years",4,"check")))) -> 4 | W80: =IF(All_data!O79="Rented",1,0) -> 0 | X80: =IF(All_data!P79="Bungalow",1,0) -> 1 | Y80: =IF(All_data!P79="Temporary",1,0) -> 0 | Z80: =IF(All_data!P79="Story Building",1,0) -> 0 | AA80: =IF(All_data!Q79="Iron Sheets/titles",1,0) -> 1 | AB80: =IF(All_data!R79="Concrete Blocks",1,0) -> 0 | AC80: =IF(All_data!R79="Bricks",1,0) -> 1 | AD80: =IF(All_data!R79="Mud/poles",1,0) -> 0 | AE80: =IF(All_data!S79="tiles",1,0) -> 1 | AF80: =IF(All_data!S79="Cemented",1,0) -> 0 | AG80: =IF(All_data!S79="Mud",1,0) -> 0 | AH80: =IF(All_data!T79="House connection",1,0) -> 1 | AI80: =IF(All_data!T79="Yard tap",1,0) -> 0 | AJ80: =IF(All_data!T79="Stand pipe",1,0) -> 0 | AK80: =IF(All_data!U79="Shared Facilities ",1,0) -> 0 | AL80: =IF(All_data!V79="paved",0,1) -> 0 | AM80: 42 | AN80: 5.784 | AO80: 0 | AP80: 0.216 | AQ80: 0.835 | AR80: 2.452 | AS80: 2.675 | AT80: 0 | AU80: 2..674 | AV80: 6.12 | AW80: 60.082 | AX80: 8.5831429 | AY80: 1.4305238 | AZ80: 200 | BA80: 0.30041
A81: 78 | B81: Household_78 | C81: Makindye Division | D81: Ggaba | E81: Nsubuga Godioz | F81: =IF(All_data!F80="low-income",1,IF(All_data!F80="Middle-Income",2,IF(All_data!F80="High-Income",3,"check"))) -> 3 | G81: 7 | H81: =IF(All_data!H80="18-35 years",2,IF(All_data!H80="36-60 years",3,IF(All_data!H80=">60 years",4,1))) -> 3 | I81: =IF(All_data!I80="Male",0,1) -> 0 | J81: =IF(All_data!J80="Illiterate",1,IF(All_data!J80="Primary",2,IF(All_data!J80="secondary",3,IF(All_data!J80="Tertiary",4,"check")))) -> 4 | K81: =IF(All_data!K80="Government Employee",1,0) -> 1 | L81: =IF(All_data!K80="Private Employee",1,0) -> 0 | M81: =IF(All_data!K80="Business",1,0) -> 0 | N81: =IF(All_data!K80="Student",1,0) -> 0 | O81: =IF(All_data!K80="Housewife",1,0) -> 0 | P81: =IF(All_data!K80="Retired",1,0) -> 0 | Q81: =IF(All_data!L80="<500,000",1,IF(All_data!L80="500,000 - 1,000,000",2,IF(All_data!L80="1,000,000 - 3,000,000",3,IF(All_data!L80=">3,000,000",4,"check")))) -> 4 | R81: =IF(All_data!M80="Spouse",1,0) -> 1 | S81: =IF(All_data!M80="Son/Daughter",1,0) -> 0 | T81: =IF(All_data!M80="Niece/nephew",1,0) -> 0 | U81: =IF(All_data!M80="Household head",1,0) -> 0 | V81: =IF(All_data!N80="< 1 year",1,IF(All_data!N80="1-3 years",2,IF(All_data!N80="3-5 years",3,IF(All_data!N80="> 5 years",4,"check")))) -> 4 | W81: =IF(All_data!O80="Rented",1,0) -> 0 | X81: =IF(All_data!P80="Bungalow",1,0) -> 0 | Y81: =IF(All_data!P80="Temporary",1,0) -> 0 | Z81: =IF(All_data!P80="Story Building",1,0) -> 1 | AA81: =IF(All_data!Q80="Iron Sheets/titles",1,0) -> 1 | AB81: =IF(All_data!R80="Concrete Blocks",1,0) -> 0 | AC81: =IF(All_data!R80="Bricks",1,0) -> 1 | AD81: =IF(All_data!R80="Mud/poles",1,0) -> 0 | AE81: =IF(All_data!S80="tiles",1,0) -> 1 | AF81: =IF(All_data!S80="Cemented",1,0) -> 0 | AG81: =IF(All_data!S80="Mud",1,0) -> 0 | AH81: =IF(All_data!T80="House connection",1,0) -> 1 | AI81: =IF(All_data!T80="Yard tap",1,0) -> 0 | AJ81: =IF(All_data!T80="Stand pipe",1,0) -> 0 | AK81: =IF(All_data!U80="Shared Facilities ",1,0) -> 0 | AL81: =IF(All_data!V80="paved",0,1) -> 0 | AM81: 46.34 | AN81: 4.284 | AO81: 0 | AP81: 0.346 | AQ81: 0.785 | AR81: 1.552 | AS81: 0.806 | AT81: 0 | AU81: 0 | AV81: 0 | AW81: 54.113 | AX81: 7.7304286 | AY81: 1.1043469 | AZ81: 186 | BA81: 0.29093011
A82: 79 | B82: Household_79 | C82: Makindye Division | D82: Ggaba | E82: Nsubuga Godioz | F82: =IF(All_data!F81="low-income",1,IF(All_data!F81="Middle-Income",2,IF(All_data!F81="High-Income",3,"check"))) -> 3 | G82: 3 | H82: =IF(All_data!H81="18-35 years",2,IF(All_data!H81="36-60 years",3,IF(All_data!H81=">60 years",4,1))) -> 2 | I82: =IF(All_data!I81="Male",0,1) -> 0 | J82: =IF(All_data!J81="Illiterate",1,IF(All_data!J81="Primary",2,IF(All_data!J81="secondary",3,IF(All_data!J81="Tertiary",4,"check")))) -> 4 | K82: =IF(All_data!K81="Government Employee",1,0) -> 0 | L82: =IF(All_data!K81="Private Employee",1,0) -> 1 | M82: =IF(All_data!K81="Business",1,0) -> 0 | N82: =IF(All_data!K81="Student",1,0) -> 0 | O82: =IF(All_data!K81="Housewife",1,0) -> 0 | P82: =IF(All_data!K81="Retired",1,0) -> 0 | Q82: =IF(All_data!L81="<500,000",1,IF(All_data!L81="500,000 - 1,000,000",2,IF(All_data!L81="1,000,000 - 3,000,000",3,IF(All_data!L81=">3,000,000",4,"check")))) -> 3 | R82: =IF(All_data!M81="Spouse",1,0) -> 0 | S82: =IF(All_data!M81="Son/Daughter",1,0) -> 0 | T82: =IF(All_data!M81="Niece/nephew",1,0) -> 0 | U82: =IF(All_data!M81="Household head",1,0) -> 1 | V82: =IF(All_data!N81="< 1 year",1,IF(All_data!N81="1-3 years",2,IF(All_data!N81="3-5 years",3,IF(All_data!N81="> 5 years",4,"check")))) -> 4 | W82: =IF(All_data!O81="Rented",1,0) -> 0 | X82: =IF(All_data!P81="Bungalow",1,0) -> 0 | Y82: =IF(All_data!P81="Temporary",1,0) -> 0 | Z82: =IF(All_data!P81="Story Building",1,0) -> 1 | AA82: =IF(All_data!Q81="Iron Sheets/titles",1,0) -> 1 | AB82: =IF(All_data!R81="Concrete Blocks",1,0) -> 0 | AC82: =IF(All_data!R81="Bricks",1,0) -> 1 | AD82: =IF(All_data!R81="Mud/poles",1,0) -> 0 | AE82: =IF(All_data!S81="tiles",1,0) -> 1 | AF82: =IF(All_data!S81="Cemented",1,0) -> 0 | AG82: =IF(All_data!S81="Mud",1,0) -> 0 | AH82: =IF(All_data!T81="House connection",1,0) -> 1 | AI82: =IF(All_data!T81="Yard tap",1,0) -> 0 | AJ82: =IF(All_data!T81="Stand pipe",1,0) -> 0 | AK82: =IF(All_data!U81="Shared Facilities ",1,0) -> 0 | AL82: =IF(All_data!V81="paved",0,1) -> 0 | AM82: 8.366 | AN82: 2.56 | AO82: 0 | AP82: 0.17 | AQ82: 0.38 | AR82: 0.51 | AS82: 0.42 | AT82: 0 | AU82: 0 | AV82: 0 | AW82: 12.406 | AX82: 1.7722857 | AY82: 0.5907619 | AZ82: 24 | BA82: 0.51691667
A83: 80 | B83: Household_80 | C83: Makindye Division | D83: Ggaba | E83: Nsubuga Godioz | F83: =IF(All_data!F82="low-income",1,IF(All_data!F82="Middle-Income",2,IF(All_data!F82="High-Income",3,"check"))) -> 3 | G83: 3 | H83: =IF(All_data!H82="18-35 years",2,IF(All_data!H82="36-60 years",3,IF(All_data!H82=">60 years",4,1))) -> 4 | I83: =IF(All_data!I82="Male",0,1) -> 0 | J83: =IF(All_data!J82="Illiterate",1,IF(All_data!J82="Primary",2,IF(All_data!J82="secondary",3,IF(All_data!J82="Tertiary",4,"check")))) -> 4 | K83: =IF(All_data!K82="Government Employee",1,0) -> 0 | L83: =IF(All_data!K82="Private Employee",1,0) -> 1 | M83: =IF(All_data!K82="Business",1,0) -> 0 | N83: =IF(All_data!K82="Student",1,0) -> 0 | O83: =IF(All_data!K82="Housewife",1,0) -> 0 | P83: =IF(All_data!K82="Retired",1,0) -> 0 | Q83: =IF(All_data!L82="<500,000",1,IF(All_data!L82="500,000 - 1,000,000",2,IF(All_data!L82="1,000,000 - 3,000,000",3,IF(All_data!L82=">3,000,000",4,"check")))) -> 4 | R83: =IF(All_data!M82="Spouse",1,0) -> 0 | S83: =IF(All_data!M82="Son/Daughter",1,0) -> 0 | T83: =IF(All_data!M82="Niece/nephew",1,0) -> 0 | U83: =IF(All_data!M82="Household head",1,0) -> 1 | V83: =IF(All_data!N82="< 1 year",1,IF(All_data!N82="1-3 years",2,IF(All_data!N82="3-5 years",3,IF(All_data!N82="> 5 years",4,"check")))) -> 4 | W83: =IF(All_data!O82="Rented",1,0) -> 0 | X83: =IF(All_data!P82="Bungalow",1,0) -> 0 | Y83: =IF(All_data!P82="Temporary",1,0) -> 0 | Z83: =IF(All_data!P82="Story Building",1,0) -> 1 | AA83: =IF(All_data!Q82="Iron Sheets/titles",1,0) -> 1 | AB83: =IF(All_data!R82="Concrete Blocks",1,0) -> 0 | AC83: =IF(All_data!R82="Bricks",1,0) -> 1 | AD83: =IF(All_data!R82="Mud/poles",1,0) -> 0 | AE83: =IF(All_data!S82="tiles",1,0) -> 1 | AF83: =IF(All_data!S82="Cemented",1,0) -> 0 | AG83: =IF(All_data!S82="Mud",1,0) -> 0 | AH83: =IF(All_data!T82="House connection",1,0) -> 1 | AI83: =IF(All_data!T82="Yard tap",1,0) -> 0 | AJ83: =IF(All_data!T82="Stand pipe",1,0) -> 0 | AK83: =IF(All_data!U82="Shared Facilities ",1,0) -> 0 | AL83: =IF(All_data!V82="paved",0,1) -> 1 | AM83: 20.46 | AN83: 0.565 | AO83: 0 | AP83: 0 | AQ83: 0.327 | AR83: 0.509 | AS83: 0.873 | AT83: 0 | AU83: 0 | AV83: 2.03 | AW83: 24.764 | AX83: 3.5377143 | AY83: 1.1792381 | AZ83: 74 | BA83: 0.33464865
A84: 81 | B84: Household_81 | C84: Makindye Division | D84: Ggaba | E84: Nsubuga Godioz | F84: =IF(All_data!F83="low-income",1,IF(All_data!F83="Middle-Income",2,IF(All_data!F83="High-Income",3,"check"))) -> 3 | G84: 5 | H84: =IF(All_data!H83="18-35 years",2,IF(All_data!H83="36-60 years",3,IF(All_data!H83=">60 years",4,1))) -> 3 | I84: =IF(All_data!I83="Male",0,1) -> 0 | J84: =IF(All_data!J83="Illiterate",1,IF(All_data!J83="Primary",2,IF(All_data!J83="secondary",3,IF(All_data!J83="Tertiary",4,"check")))) -> 4 | K84: =IF(All_data!K83="Government Employee",1,0) -> 1 | L84: =IF(All_data!K83="Private Employee",1,0) -> 0 | M84: =IF(All_data!K83="Business",1,0) -> 0 | N84: =IF(All_data!K83="Student",1,0) -> 0 | O84: =IF(All_data!K83="Housewife",1,0) -> 0 | P84: =IF(All_data!K83="Retired",1,0) -> 0 | Q84: =IF(All_data!L83="<500,000",1,IF(All_data!L83="500,000 - 1,000,000",2,IF(All_data!L83="1,000,000 - 3,000,000",3,IF(All_data!L83=">3,000,000",4,"check")))) -> 4 | R84: =IF(All_data!M83="Spouse",1,0) -> 0 | S84: =IF(All_data!M83="Son/Daughter",1,0) -> 0 | T84: =IF(All_data!M83="Niece/nephew",1,0) -> 0 | U84: =IF(All_data!M83="Household head",1,0) -> 1 | V84: =IF(All_data!N83="< 1 year",1,IF(All_data!N83="1-3 years",2,IF(All_data!N83="3-5 years",3,IF(All_data!N83="> 5 years",4,"check")))) -> 4 | W84: =IF(All_data!O83="Rented",1,0) -> 1 | X84: =IF(All_data!P83="Bungalow",1,0) -> 0 | Y84: =IF(All_data!P83="Temporary",1,0) -> 0 | Z84: =IF(All_data!P83="Story Building",1,0) -> 1 | AA84: =IF(All_data!Q83="Iron Sheets/titles",1,0) -> 1 | AB84: =IF(All_data!R83="Concrete Blocks",1,0) -> 0 | AC84: =IF(All_data!R83="Bricks",1,0) -> 1 | AD84: =IF(All_data!R83="Mud/poles",1,0) -> 0 | AE84: =IF(All_data!S83="tiles",1,0) -> 1 | AF84: =IF(All_data!S83="Cemented",1,0) -> 0 | AG84: =IF(All_data!S83="Mud",1,0) -> 0 | AH84: =IF(All_data!T83="House connection",1,0) -> 1 | AI84: =IF(All_data!T83="Yard tap",1,0) -> 0 | AJ84: =IF(All_data!T83="Stand pipe",1,0) -> 0 | AK84: =IF(All_data!U83="Shared Facilities ",1,0) -> 0 | AL84: =IF(All_data!V83="paved",0,1) -> 0 | AM84: 53.52 | AN84: 6.342 | AO84: 0 | AP84: 0.234 | AQ84: 0.476 | AR84: 1.673 | AS84: 2.346 | AT84: 0 | AU84: 1.095 | AV84: 2.345 | AW84: 68.031 | AX84: 9.7187143 | AY84: 1.9437429 | AZ84: 224 | BA84: 0.30370982
A85: 82 | B85: Household_82 | C85: Makindye Division | D85: Ggaba | E85: Nsubuga Godioz | F85: =IF(All_data!F84="low-income",1,IF(All_data!F84="Middle-Income",2,IF(All_data!F84="High-Income",3,"check"))) -> 3 | G85: 4 | H85: =IF(All_data!H84="18-35 years",2,IF(All_data!H84="36-60 years",3,IF(All_data!H84=">60 years",4,1))) -> 3 | I85: =IF(All_data!I84="Male",0,1) -> 0 | J85: =IF(All_data!J84="Illiterate",1,IF(All_data!J84="Primary",2,IF(All_data!J84="secondary",3,IF(All_data!J84="Tertiary",4,"check")))) -> 4 | K85: =IF(All_data!K84="Government Employee",1,0) -> 1 | L85: =IF(All_data!K84="Private Employee",1,0) -> 0 | M85: =IF(All_data!K84="Business",1,0) -> 0 | N85: =IF(All_data!K84="Student",1,0) -> 0 | O85: =IF(All_data!K84="Housewife",1,0) -> 0 | P85: =IF(All_data!K84="Retired",1,0) -> 0 | Q85: =IF(All_data!L84="<500,000",1,IF(All_data!L84="500,000 - 1,000,000",2,IF(All_data!L84="1,000,000 - 3,000,000",3,IF(All_data!L84=">3,000,000",4,"check")))) -> 4 | R85: =IF(All_data!M84="Spouse",1,0) -> 0 | S85: =IF(All_data!M84="Son/Daughter",1,0) -> 0 | T85: =IF(All_data!M84="Niece/nephew",1,0) -> 0 | U85: =IF(All_data!M84="Household head",1,0) -> 1 | V85: =IF(All_data!N84="< 1 year",1,IF(All_data!N84="1-3 years",2,IF(All_data!N84="3-5 years",3,IF(All_data!N84="> 5 years",4,"check")))) -> 4 | W85: =IF(All_data!O84="Rented",1,0) -> 1 | X85: =IF(All_data!P84="Bungalow",1,0) -> 0 | Y85: =IF(All_data!P84="Temporary",1,0) -> 0 | Z85: =IF(All_data!P84="Story Building",1,0) -> 1 | AA85: =IF(All_data!Q84="Iron Sheets/titles",1,0) -> 1 | AB85: =IF(All_data!R84="Concrete Blocks",1,0) -> 0 | AC85: =IF(All_data!R84="Bricks",1,0) -> 1 | AD85: =IF(All_data!R84="Mud/poles",1,0) -> 0 | AE85: =IF(All_data!S84="tiles",1,0) -> 1 | AF85: =IF(All_data!S84="Cemented",1,0) -> 0 | AG85: =IF(All_data!S84="Mud",1,0) -> 0 | AH85: =IF(All_data!T84="House connection",1,0) -> 1 | AI85: =IF(All_data!T84="Yard tap",1,0) -> 0 | AJ85: =IF(All_data!T84="Stand pipe",1,0) -> 0 | AK85: =IF(All_data!U84="Shared Facilities ",1,0) -> 0 | AL85: =IF(All_data!V84="paved",0,1) -> 0 | AM85: 42.62 | AN85: 3.392 | AO85: 0 | AP85: 0.434 | AQ85: 0.696 | AR85: 1.873 | AS85: 1.38 | AT85: 0 | AU85: 0 | AV85: 1.348 | AW85: 51.743 | AX85: 7.3918571 | AY85: 1.8479643 | AZ85: 174 | BA85: 0.29737356
A86: 83 | B86: Household_83 | C86: Makindye Division | D86: Ggaba | E86: Nsubuga Godioz | F86: =IF(All_data!F85="low-income",1,IF(All_data!F85="Middle-Income",2,IF(All_data!F85="High-Income",3,"check"))) -> 3 | G86: 7 | H86: =IF(All_data!H85="18-35 years",2,IF(All_data!H85="36-60 years",3,IF(All_data!H85=">60 years",4,1))) -> 3 | I86: =IF(All_data!I85="Male",0,1) -> 0 | J86: =IF(All_data!J85="Illiterate",1,IF(All_data!J85="Primary",2,IF(All_data!J85="secondary",3,IF(All_data!J85="Tertiary",4,"check")))) -> 4 | K86: =IF(All_data!K85="Government Employee",1,0) -> 0 | L86: =IF(All_data!K85="Private Employee",1,0) -> 1 | M86: =IF(All_data!K85="Business",1,0) -> 0 | N86: =IF(All_data!K85="Student",1,0) -> 0 | O86: =IF(All_data!K85="Housewife",1,0) -> 0 | P86: =IF(All_data!K85="Retired",1,0) -> 0 | Q86: =IF(All_data!L85="<500,000",1,IF(All_data!L85="500,000 - 1,000,000",2,IF(All_data!L85="1,000,000 - 3,000,000",3,IF(All_data!L85=">3,000,000",4,"check")))) -> 4 | R86: =IF(All_data!M85="Spouse",1,0) -> 0 | S86: =IF(All_data!M85="Son/Daughter",1,0) -> 0 | T86: =IF(All_data!M85="Niece/nephew",1,0) -> 0 | U86: =IF(All_data!M85="Household head",1,0) -> 1 | V86: =IF(All_data!N85="< 1 year",1,IF(All_data!N85="1-3 years",2,IF(All_data!N85="3-5 years",3,IF(All_data!N85="> 5 years",4,"check")))) -> 3 | W86: =IF(All_data!O85="Rented",1,0) -> 1 | X86: =IF(All_data!P85="Bungalow",1,0) -> 0 | Y86: =IF(All_data!P85="Temporary",1,0) -> 0 | Z86: =IF(All_data!P85="Story Building",1,0) -> 1 | AA86: =IF(All_data!Q85="Iron Sheets/titles",1,0) -> 1 | AB86: =IF(All_data!R85="Concrete Blocks",1,0) -> 0 | AC86: =IF(All_data!R85="Bricks",1,0) -> 1 | AD86: =IF(All_data!R85="Mud/poles",1,0) -> 0 | AE86: =IF(All_data!S85="tiles",1,0) -> 1 | AF86: =IF(All_data!S85="Cemented",1,0) -> 0 | AG86: =IF(All_data!S85="Mud",1,0) -> 0 | AH86: =IF(All_data!T85="House connection",1,0) -> 1 | AI86: =IF(All_data!T85="Yard tap",1,0) -> 0 | AJ86: =IF(All_data!T85="Stand pipe",1,0) -> 0 | AK86: =IF(All_data!U85="Shared Facilities ",1,0) -> 0 | AL86: =IF(All_data!V85="paved",0,1) -> 0 | AM86: 33.5 | AN86: 0 | AO86: 0 | AP86: 0.289 | AQ86: 0.128 | AR86: 0.543 | AS86: 0.326 | AT86: 0 | AU86: 0 | AV86: 6.08 | AW86: 40.866 | AX86: 5.838 | AY86: 0.834 | AZ86: 110 | BA86: 0.37150909
A87: 84 | B87: Household_84 | C87: Makindye Division | D87: Ggaba | E87: Nsubuga Godioz | F87: =IF(All_data!F86="low-income",1,IF(All_data!F86="Middle-Income",2,IF(All_data!F86="High-Income",3,"check"))) -> 3 | G87: 3 | H87: =IF(All_data!H86="18-35 years",2,IF(All_data!H86="36-60 years",3,IF(All_data!H86=">60 years",4,1))) -> 4 | I87: =IF(All_data!I86="Male",0,1) -> 0 | J87: =IF(All_data!J86="Illiterate",1,IF(All_data!J86="Primary",2,IF(All_data!J86="secondary",3,IF(All_data!J86="Tertiary",4,"check")))) -> 4 | K87: =IF(All_data!K86="Government Employee",1,0) -> 0 | L87: =IF(All_data!K86="Private Employee",1,0) -> 1 | M87: =IF(All_data!K86="Business",1,0) -> 0 | N87: =IF(All_data!K86="Student",1,0) -> 0 | O87: =IF(All_data!K86="Housewife",1,0) -> 0 | P87: =IF(All_data!K86="Retired",1,0) -> 0 | Q87: =IF(All_data!L86="<500,000",1,IF(All_data!L86="500,000 - 1,000,000",2,IF(All_data!L86="1,000,000 - 3,000,000",3,IF(All_data!L86=">3,000,000",4,"check")))) -> 4 | R87: =IF(All_data!M86="Spouse",1,0) -> 0 | S87: =IF(All_data!M86="Son/Daughter",1,0) -> 0 | T87: =IF(All_data!M86="Niece/nephew",1,0) -> 0 | U87: =IF(All_data!M86="Household head",1,0) -> 1 | V87: =IF(All_data!N86="< 1 year",1,IF(All_data!N86="1-3 years",2,IF(All_data!N86="3-5 years",3,IF(All_data!N86="> 5 years",4,"check")))) -> 4 | W87: =IF(All_data!O86="Rented",1,0) -> 0 | X87: =IF(All_data!P86="Bungalow",1,0) -> 0 | Y87: =IF(All_data!P86="Temporary",1,0) -> 0 | Z87: =IF(All_data!P86="Story Building",1,0) -> 1 | AA87: =IF(All_data!Q86="Iron Sheets/titles",1,0) -> 1 | AB87: =IF(All_data!R86="Concrete Blocks",1,0) -> 0 | AC87: =IF(All_data!R86="Bricks",1,0) -> 1 | AD87: =IF(All_data!R86="Mud/poles",1,0) -> 0 | AE87: =IF(All_data!S86="tiles",1,0) -> 1 | AF87: =IF(All_data!S86="Cemented",1,0) -> 0 | AG87: =IF(All_data!S86="Mud",1,0) -> 0 | AH87: =IF(All_data!T86="House connection",1,0) -> 1 | AI87: =IF(All_data!T86="Yard tap",1,0) -> 0 | AJ87: =IF(All_data!T86="Stand pipe",1,0) -> 0 | AK87: =IF(All_data!U86="Shared Facilities ",1,0) -> 0 | AL87: =IF(All_data!V86="paved",0,1) -> 0 | AM87: 9.68 | AN87: 0 | AO87: 0 | AP87: 0 | AQ87: 0.32 | AR87: 0.372 | AS87: 0.429 | AT87: 0 | AU87: 0 | AV87: 3.94 | AW87: 14.741 | AX87: 2.1058571 | AY87: 0.70195238 | AZ87: 54 | BA87: 0.27298148
A88: 85 | B88: Household_85 | C88: Makindye Division | D88: Ggaba | E88: Nsubuga Godioz | F88: =IF(All_data!F87="low-income",1,IF(All_data!F87="Middle-Income",2,IF(All_data!F87="High-Income",3,"check"))) -> 3 | G88: 8 | H88: =IF(All_data!H87="18-35 years",2,IF(All_data!H87="36-60 years",3,IF(All_data!H87=">60 years",4,1))) -> 4 | I88: =IF(All_data!I87="Male",0,1) -> 0 | J88: =IF(All_data!J87="Illiterate",1,IF(All_data!J87="Primary",2,IF(All_data!J87="secondary",3,IF(All_data!J87="Tertiary",4,"check")))) -> 4 | K88: =IF(All_data!K87="Government Employee",1,0) -> 0 | L88: =IF(All_data!K87="Private Employee",1,0) -> 1 | M88: =IF(All_data!K87="Business",1,0) -> 0 | N88: =IF(All_data!K87="Student",1,0) -> 0 | O88: =IF(All_data!K87="Housewife",1,0) -> 0 | P88: =IF(All_data!K87="Retired",1,0) -> 0 | Q88: =IF(All_data!L87="<500,000",1,IF(All_data!L87="500,000 - 1,000,000",2,IF(All_data!L87="1,000,000 - 3,000,000",3,IF(All_data!L87=">3,000,000",4,"check")))) -> 4 | R88: =IF(All_data!M87="Spouse",1,0) -> 1 | S88: =IF(All_data!M87="Son/Daughter",1,0) -> 0 | T88: =IF(All_data!M87="Niece/nephew",1,0) -> 0 | U88: =IF(All_data!M87="Household head",1,0) -> 0 | V88: =IF(All_data!N87="< 1 year",1,IF(All_data!N87="1-3 years",2,IF(All_data!N87="3-5 years",3,IF(All_data!N87="> 5 years",4,"check")))) -> 4 | W88: =IF(All_data!O87="Rented",1,0) -> 0 | X88: =IF(All_data!P87="Bungalow",1,0) -> 1 | Y88: =IF(All_data!P87="Temporary",1,0) -> 0 | Z88: =IF(All_data!P87="Story Building",1,0) -> 0 | AA88: =IF(All_data!Q87="Iron Sheets/titles",1,0) -> 1 | AB88: =IF(All_data!R87="Concrete Blocks",1,0) -> 0 | AC88: =IF(All_data!R87="Bricks",1,0) -> 1 | AD88: =IF(All_data!R87="Mud/poles",1,0) -> 0 | AE88: =IF(All_data!S87="tiles",1,0) -> 1 | AF88: =IF(All_data!S87="Cemented",1,0) -> 0 | AG88: =IF(All_data!S87="Mud",1,0) -> 0 | AH88: =IF(All_data!T87="House connection",1,0) -> 1 | AI88: =IF(All_data!T87="Yard tap",1,0) -> 0 | AJ88: =IF(All_data!T87="Stand pipe",1,0) -> 0 | AK88: =IF(All_data!U87="Shared Facilities ",1,0) -> 0 | AL88: =IF(All_data!V87="paved",0,1) -> 1 | AM88: 21.342 | AN88: 0 | AO88: 0 | AP88: 0 | AQ88: 1.551 | AR88: 1.813 | AS88: 1.289 | AT88: 0.205 | AU88: 0.123 | AV88: 0 | AW88: 26.323 | AX88: 3.7604286 | AY88: 0.47005357 | AZ88: 80 | BA88: 0.3290375
A89: 86 | B89: Household_86 | C89: Makindye Division | D89: Ggaba | E89: Nsubuga Godioz | F89: =IF(All_data!F88="low-income",1,IF(All_data!F88="Middle-Income",2,IF(All_data!F88="High-Income",3,"check"))) -> 3 | G89: 12 | H89: =IF(All_data!H88="18-35 years",2,IF(All_data!H88="36-60 years",3,IF(All_data!H88=">60 years",4,1))) -> 3 | I89: =IF(All_data!I88="Male",0,1) -> 0 | J89: =IF(All_data!J88="Illiterate",1,IF(All_data!J88="Primary",2,IF(All_data!J88="secondary",3,IF(All_data!J88="Tertiary",4,"check")))) -> 3 | K89: =IF(All_data!K88="Government Employee",1,0) -> 0 | L89: =IF(All_data!K88="Private Employee",1,0) -> 0 | M89: =IF(All_data!K88="Business",1,0) -> 1 | N89: =IF(All_data!K88="Student",1,0) -> 0 | O89: =IF(All_data!K88="Housewife",1,0) -> 0 | P89: =IF(All_data!K88="Retired",1,0) -> 0 | Q89: =IF(All_data!L88="<500,000",1,IF(All_data!L88="500,000 - 1,000,000",2,IF(All_data!L88="1,000,000 - 3,000,000",3,IF(All_data!L88=">3,000,000",4,"check")))) -> 4 | R89: =IF(All_data!M88="Spouse",1,0) -> 0 | S89: =IF(All_data!M88="Son/Daughter",1,0) -> 0 | T89: =IF(All_data!M88="Niece/nephew",1,0) -> 0 | U89: =IF(All_data!M88="Household head",1,0) -> 1 | V89: =IF(All_data!N88="< 1 year",1,IF(All_data!N88="1-3 years",2,IF(All_data!N88="3-5 years",3,IF(All_data!N88="> 5 years",4,"check")))) -> 4 | W89: =IF(All_data!O88="Rented",1,0) -> 0 | X89: =IF(All_data!P88="Bungalow",1,0) -> 0 | Y89: =IF(All_data!P88="Temporary",1,0) -> 0 | Z89: =IF(All_data!P88="Story Building",1,0) -> 1 | AA89: =IF(All_data!Q88="Iron Sheets/titles",1,0) -> 1 | AB89: =IF(All_data!R88="Concrete Blocks",1,0) -> 0 | AC89: =IF(All_data!R88="Bricks",1,0) -> 1 | AD89: =IF(All_data!R88="Mud/poles",1,0) -> 0 | AE89: =IF(All_data!S88="tiles",1,0) -> 1 | AF89: =IF(All_data!S88="Cemented",1,0) -> 0 | AG89: =IF(All_data!S88="Mud",1,0) -> 0 | AH89: =IF(All_data!T88="House connection",1,0) -> 1 | AI89: =IF(All_data!T88="Yard tap",1,0) -> 0 | AJ89: =IF(All_data!T88="Stand pipe",1,0) -> 0 | AK89: =IF(All_data!U88="Shared Facilities ",1,0) -> 0 | AL89: =IF(All_data!V88="paved",0,1) -> 0 | AM89: 19.12 | AN89: 7.26 | AO89: 0 | AP89: 0.55 | AQ89: 0.567 | AR89: 0.923 | AS89: 2.125 | AT89: 0 | AU89: 0 | AV89: 3.12 | AW89: 33.665 | AX89: 4.8092857 | AY89: 0.40077381 | AZ89: 100 | BA89: 0.33665
